1,и,и,CCONJ,_,_,_,_,_,@iab1940m-words#@iab1940m#1.225#1.645
2,поэтому,поэтому,ADV,_,Degree=Pos,_,_,_,@iab1940m-words#@iab1940m#1.645#2.065
3,и,и,PART,_,_,_,_,_,@iab1940m-words#@iab1940m#2.065#2.485
4,Ахматова,Ахматова,PROPN,_,Animacy=Anim|Case=Nom|Gender=Fem|Number=Sing,_,_,_,@iab1940m-words#@iab1940m#2.485#2.905
5,и,и,CCONJ,_,_,_,_,_,@iab1940m-words#@iab1940m#2.905#3.325
6,Цветаева,Цветаева,PROPN,_,Animacy=Anim|Case=Nom|Gender=Fem|Number=Sing,_,_,_,@iab1940m-words#@iab1940m#3.325#3.745
7,восприняли,воспринять,VERB,_,Aspect=Perf|Mood=Ind|Number=Plur|Tense=Past|VerbForm=Fin|Voice=Act,_,_,_,@iab1940m-words#@iab1940m#3.745#4.165
8,происходящее,происходить,VERB,_,Aspect=Imp|Case=Acc|Gender=Neut|Number=Sing|Tense=Pres|VerbForm=Part|Voice=Act,_,_,_,@iab1940m-words#@iab1940m#4.165#4.585
9,иск...,иск...,X,_,_,_,_,_,@iab1940m-words#@iab1940m#4.585#5.005
10,как,как,SCONJ,_,_,_,_,_,@iab1940m-words#@iab1940m#5.005#5.425
11,катастрофу,катастрофа,NOUN,_,Animacy=Inan|Case=Acc|Gender=Fem|Number=Sing,_,_,_,@iab1940m-words#@iab1940m#5.425#5.845
12,для,для,ADP,_,_,_,_,_,@iab1940m-words#@iab1940m#5.845#6.265
13,огромного,огромный,ADJ,_,Case=Gen|Degree=Pos|Gender=Neut|Number=Sing,_,_,_,@iab1940m-words#@iab1940m#6.265#6.685
14,количества,количество,NOUN,_,Animacy=Inan|Case=Gen|Gender=Neut|Number=Sing,_,_,_,@iab1940m-words#@iab1940m#6.685#7.105
15,людей,человек,NOUN,_,Animacy=Anim|Case=Gen|Gender=Masc|Number=Plur,_,_,_,@iab1940m-words#@iab1940m#7.105#7.525
16,просто,просто,PART,_,_,_,_,_,@iab1940m-words#@iab1940m#7.525#7.945
17,для,для,ADP,_,_,_,_,_,@iab1940m-words#@iab1940m#7.945#8.365
18,них,они,PRON,_,Case=Gen|Number=Plur|Person=3,_,_,_,@iab1940m-words#@iab1940m#8.365#8.785
19,кровь,кровь,NOUN,_,Animacy=Inan|Case=Nom|Gender=Fem|Number=Sing,_,_,_,@iab1940m-words#@iab1940m#8.785#9.205
20,это,этот,PRON,_,Animacy=Inan|Case=Acc|Gender=Neut|Number=Sing,_,_,_,@iab1940m-words#@iab1940m#9.205#9.625
21,кровь,кровь,NOUN,_,Animacy=Inan|Case=Nom|Gender=Fem|Number=Sing,_,_,_,@iab1940m-words#@iab1940m#9.625#10.045
22,да,да,PART,_,_,_,_,_,@iab1940m-words#@iab1940m#10.045#10.465
23,а,а,CCONJ,_,_,_,_,_,@iab1940m-words#@iab1940m#10.465#10.885
24,не,не,PART,_,_,_,_,_,@iab1940m-words#@iab1940m#10.885#11.305
25,там,там,ADV,_,,_,_,_,@iab1940m-words#@iab1940m#11.305#11.725
26,средство,средство,NOUN,_,Animacy=Inan|Case=Nom|Gender=Neut|Number=Sing,_,_,_,@iab1940m-words#@iab1940m#11.725#12.145
27,скажем,сказать,VERB,_,Aspect=Perf|Mood=Ind|Number=Plur|Person=1|Tense=Fut|VerbForm=Fin|Voice=Act,_,_,_,@iab1940m-words#@iab1940m#12.145#12.565
28,для,для,ADP,_,_,_,_,_,@iab1940m-words#@iab1940m#12.565#12.985
29,достижения,достижение,NOUN,_,Animacy=Inan|Case=Gen|Gender=Neut|Number=Sing,_,_,_,@iab1940m-words#@iab1940m#12.985#13.405
30,определенной,определенный,ADJ,_,Case=Gen|Degree=Pos|Gender=Fem|Number=Sing,_,_,_,@iab1940m-words#@iab1940m#13.405#13.825
31,цели,цель,NOUN,_,Animacy=Inan|Case=Gen|Gender=Fem|Number=Sing,_,_,_,@iab1940m-words#@iab1940m#13.825#14.245
32,да,да,PART,_,_,_,_,_,@iab1940m-words#@iab1940m#14.245#14.665
33,и,и,CCONJ,_,_,_,_,_,@iab1940m-words#@iab1940m#14.665#15.085
34,поэтому,поэтому,ADV,_,Degree=Pos,_,_,_,@iab1940m-words#@iab1940m#15.085#15.505
35,эти,этот,DET,_,Case=Acc|Number=Plur,_,_,_,@iab1940m-words#@iab1940m#15.505#15.925
36,головы,голова,NOUN,_,Animacy=Inan|Case=Acc|Gender=Fem|Number=Plur,_,_,_,@iab1940m-words#@iab1940m#15.925#16.345
37,не,не,PART,_,_,_,_,_,@iab1940m-words#@iab1940m#16.345#16.765
38,закружились,закружиться,VERB,_,Aspect=Perf|Mood=Ind|Number=Plur|Tense=Past|VerbForm=Fin|Voice=Mid,_,_,_,@iab1940m-words#@iab1940m#16.765#17.2
39,Мандельштам,Мандельштам,PROPN,_,Animacy=Anim|Case=Nom|Gender=Masc|Number=Sing,_,_,_,@iab1940m-words#@iab1940m#17.2#17.666
40,как,как,SCONJ,_,_,_,_,_,@iab1940m-words#@iab1940m#17.666#18.132
41,и,и,PART,_,_,_,_,_,@iab1940m-words#@iab1940m#18.132#18.598
42,все,весь,DET,_,Case=Nom|Gender=Neut|Number=Sing,_,_,_,@iab1940m-words#@iab1940m#18.598#19.064
43,то,то,PRON,_,Animacy=Inan|Case=Nom|Gender=Neut|Number=Sing,_,_,_,@iab1940m-words#@iab1940m#19.064#19.53
44,есть,быть,VERB,_,Aspect=Imp|Mood=Ind|Number=Sing|Person=3|Tense=Pres|VerbForm=Fin|Voice=Act,_,_,_,@iab1940m-words#@iab1940m#19.53#19.996
45,в,в,ADP,_,_,_,_,_,@iab1940m-words#@iab1940m#19.996#20.462
46,меньшей,меньший,ADJ,_,Case=Loc|Degree=Pos|Gender=Fem|Number=Sing,_,_,_,@iab1940m-words#@iab1940m#20.462#20.928
47,степени,степень,NOUN,_,Animacy=Inan|Case=Loc|Gender=Fem|Number=Sing,_,_,_,@iab1940m-words#@iab1940m#20.928#21.394
48,чем,что,SCONJ,_,_,_,_,_,@iab1940m-words#@iab1940m#21.394#21.86
49,все,весь,DET,_,Case=Nom|Gender=Neut|Number=Sing,_,_,_,@iab1940m-words#@iab1940m#21.86#22.326
50,да,да,PART,_,_,_,_,_,@iab1940m-words#@iab1940m#22.326#22.792
51,Мандельштам,Мандельштам,PROPN,_,Animacy=Anim|Case=Nom|Gender=Masc|Number=Sing,_,_,_,@iab1940m-words#@iab1940m#22.792#23.258
52,разумеется,разуметься,VERB,_,Aspect=Imp|Mood=Ind|Number=Sing|Person=3|Tense=Pres|VerbForm=Fin|Voice=Mid,_,_,_,@iab1940m-words#@iab1940m#23.258#23.724
53,э,э,INTJ,_,,_,_,_,@iab1940m-words#@iab1940m#23.724#24.19
54,попы...,попы...,X,_,,_,_,_,@iab1940m-words#@iab1940m#24.19#24.656
55,попытался,попытаться,VERB,_,Aspect=Perf|Gender=Masc|Mood=Ind|Number=Sing|Tense=Past|VerbForm=Fin|Voice=Mid,_,_,_,@iab1940m-words#@iab1940m#24.656#25.122
56,увидеть,увидеть,VERB,_,Aspect=Perf|VerbForm=Inf|Voice=Act,_,_,_,@iab1940m-words#@iab1940m#25.122#25.588
57,в,в,ADP,_,_,_,_,_,@iab1940m-words#@iab1940m#25.588#26.054
58,этом,это,PRON,_,Animacy=Inan|Case=Loc|Gender=Neut|Number=Sing,_,_,_,@iab1940m-words#@iab1940m#26.054#26.52
59,то,то,SCONJ,_,_,_,_,_,@iab1940m-words#@iab1940m#26.52#26.986
60,что,что,PRON,_,Case=Nom,_,_,_,@iab1940m-words#@iab1940m#26.986#27.452
61,пытались,пытаться,VERB,_,Aspect=Imp|Mood=Ind|Number=Plur|Tense=Past|VerbForm=Fin|Voice=Mid,_,_,_,@iab1940m-words#@iab1940m#27.452#27.918
62,в,в,ADP,_,_,_,_,_,@iab1940m-words#@iab1940m#27.918#28.384
63,этом,это,DET,_,Case=Loc|Gender=Neut|Number=Sing,_,_,_,@iab1940m-words#@iab1940m#28.384#28.85
64,увидеть,увидеть,VERB,_,Aspect=Perf|VerbForm=Inf|Voice=Act,_,_,_,@iab1940m-words#@iab1940m#28.85#29.316
65,все,весь,DET,_,Case=Nom|Gender=Neut|Number=Sing,_,_,_,@iab1940m-words#@iab1940m#29.316#29.8
66,то,то,PRON,_,Animacy=Inan|Case=Nom|Gender=Neut|Number=Sing,_,_,_,@iab1940m-words#@iab1940m#29.8#30.14
67,есть,быть,VERB,_,Aspect=Imp|Mood=Ind|Number=Sing|Person=3|Tense=Pres|VerbForm=Fin|Voice=Act,_,_,_,@iab1940m-words#@iab1940m#30.14#30.48
68,вот,вот,PART,_,_,_,_,_,@iab1940m-words#@iab1940m#30.48#30.82
69,это,это,DET,_,Case=Nom|Gender=Neut|Number=Sing,_,_,_,@iab1940m-words#@iab1940m#30.82#31.16
70,эти,этот,DET,_,Case=Nom|Number=Plur,_,_,_,@iab1940m-words#@iab1940m#31.16#31.5
71,замечательные,замечательный,ADJ,_,Case=Nom|Degree=Pos|Number=Plur,_,_,_,@iab1940m-words#@iab1940m#31.5#31.84
72,его,его,DET,_,_,_,_,_,@iab1940m-words#@iab1940m#31.84#32.18
73,строчки,строчка,NOUN,_,Animacy=Inan|Case=Nom|Gender=Fem|Number=Plur,_,_,_,@iab1940m-words#@iab1940m#32.18#32.52
74,ну,ну,PART,_,_,_,_,_,@iab1940m-words#@iab1940m#32.52#32.86
75,что,что,PRON,_,Case=Acc,_,_,_,@iab1940m-words#@iab1940m#32.86#33.2
76,ж,же,PART,_,_,_,_,_,@iab1940m-words#@iab1940m#33.2#33.54
77,попробуем,попробовать,VERB,_,Aspect=Perf|Mood=Ind|Number=Plur|Person=1|Tense=Fut|VerbForm=Fin|Voice=Act,_,_,_,@iab1940m-words#@iab1940m#33.54#33.88
78,огромный,огромный,ADJ,_,Animacy=Inan|Case=Acc|Degree=Pos|Gender=Masc|Number=Sing,_,_,_,@iab1940m-words#@iab1940m#33.88#34.22
79,неуклюжий,неуклюжий,ADJ,_,Animacy=Inan|Case=Acc|Degree=Pos|Gender=Masc|Number=Sing,_,_,_,@iab1940m-words#@iab1940m#34.22#34.56
80,скрипучий,скрипучий,ADJ,_,Animacy=Inan|Case=Acc|Degree=Pos|Gender=Masc|Number=Sing,_,_,_,@iab1940m-words#@iab1940m#34.56#34.9
81,поворот,поворот,NOUN,_,Animacy=Inan|Case=Acc|Gender=Masc|Number=Sing,_,_,_,@iab1940m-words#@iab1940m#34.9#35.24
82,руля,руль,NOUN,_,Animacy=Inan|Case=Gen|Gender=Masc|Number=Sing,_,_,_,@iab1940m-words#@iab1940m#35.24#35.58
83,ну,ну,PART,_,_,_,_,_,@iab1940m-words#@iab1940m#35.58#35.92
84,вот,вот,PART,_,_,_,_,_,@iab1940m-words#@iab1940m#35.92#36.26
85,э,э,INTJ,_,_,_,_,_,@iab1940m-words#@iab1940m#36.26#36.6
86,это,это,PRON,_,Animacy=Inan|Case=Nom|Gender=Neut|Number=Sing,_,_,_,@iab1940m-words#@iab1940m#36.6#36.94
87,именно,именно,ADV,_,Degree=Pos,_,_,_,@iab1940m-words#@iab1940m#36.94#37.28
88,по,по,ADP,_,_,_,_,_,@iab1940m-words#@iab1940m#37.28#37.62
89,крайней,крайний,ADJ,_,Case=Dat|Degree=Pos|Gender=Fem|Number=Sing,_,_,_,@iab1940m-words#@iab1940m#37.62#37.96
90,мере,мера,NOUN,_,Animacy=Inan|Case=Dat|Gender=Fem|Number=Sing,_,_,_,@iab1940m-words#@iab1940m#37.96#38.3
91,он,он,PRON,_,Case=Nom|Gender=Masc|Number=Sing|Person=3,_,_,_,@iab1940m-words#@iab1940m#38.3#38.64
92,не,не,PART,_,_,_,_,_,@iab1940m-words#@iab1940m#38.64#38.98
93,высказался,высказаться,VERB,_,Aspect=Perf|Gender=Masc|Mood=Ind|Number=Sing|Tense=Past|VerbForm=Fin|Voice=Mid,_,_,_,@iab1940m-words#@iab1940m#38.98#39.32
94,более,более,ADV,_,Degree=Cmp,_,_,_,@iab1940m-words#@iab1940m#39.32#39.66
95,с,с,ADP,_,_,_,_,_,@iab1940m-words#@iab1940m#39.66#40.0
96,большим,больший,ADJ,_,Case=Ins|Degree=Cmp|Gender=Masc|Number=Sing,_,_,_,@iab1940m-words#@iab1940m#40.0#40.34
97,энтузиазмом,энтузиазм,NOUN,_,Animacy=Inan|Case=Ins|Gender=Masc|Number=Sing,_,_,_,@iab1940m-words#@iab1940m#40.34#40.68
98,по,по,ADP,_,_,_,_,_,@iab1940m-words#@iab1940m#40.68#41.02
99,этому,этот,DET,_,Case=Dat|Gender=Masc|Number=Sing,_,_,_,@iab1940m-words#@iab1940m#41.02#41.36
100,поводу,повод,NOUN,_,Animacy=Inan|Case=Dat|Gender=Masc|Number=Sing,_,_,_,@iab1940m-words#@iab1940m#41.36#41.7
101,когда,когда,SCONJ,_,_,_,_,_,@iab1940m-words#@iab1940m#41.7#42.064
102,насту...,насту,X,_,_,_,_,_,@iab1940m-words#@iab1940m#42.064#42.428
103,когда,когда,SCONJ,_,_,_,_,_,@iab1940m-words#@iab1940m#42.428#42.792
104,наступило,наступить,VERB,_,Aspect=Perf|Gender=Neut|Mood=Ind|Number=Sing|Tense=Past|VerbForm=Fin|Voice=Act,_,_,_,@iab1940m-words#@iab1940m#42.792#43.156
105,советское,советский,ADJ,_,Case=Nom|Degree=Pos|Gender=Neut|Number=Sing,_,_,_,@iab1940m-words#@iab1940m#43.156#43.52
106,время,время,NOUN,_,Animacy=Inan|Case=Nom|Gender=Neut|Number=Sing,_,_,_,@iab1940m-words#@iab1940m#43.52#43.884
107,когда,когда,SCONJ,_,_,_,_,_,@iab1940m-words#@iab1940m#43.884#44.248
108,значит,значит,ADV,_,Degree=Pos,_,_,_,@iab1940m-words#@iab1940m#44.248#44.612
109,все,весь,DET,_,Case=Nom|Gender=Neut|Number=Sing,_,_,_,@iab1940m-words#@iab1940m#44.612#44.976
110,это,это,PRON,_,Animacy=Inan|Case=Nom|Gender=Neut|Number=Sing,_,_,_,@iab1940m-words#@iab1940m#44.976#45.34
111,стабилизировалось,стабилизироваться,VERB,_,Aspect=Perf|Gender=Neut|Mood=Ind|Number=Sing|Tense=Past|VerbForm=Fin|Voice=Mid,_,_,_,@iab1940m-words#@iab1940m#45.34#45.704
112,и,и,CCONJ,_,_,_,_,_,@iab1940m-words#@iab1940m#45.704#46.068
113,так,так,ADV,_,Degree=Pos,_,_,_,@iab1940m-words#@iab1940m#46.068#46.432
114,далее,далее,ADV,_,Degree=Pos,_,_,_,@iab1940m-words#@iab1940m#46.432#46.796
115,так,так,ADV,_,Degree=Pos,_,_,_,@iab1940m-words#@iab1940m#46.796#47.16
116,далее,далее,ADV,_,Degree=Pos,_,_,_,@iab1940m-words#@iab1940m#47.16#47.524
117,после,после,ADP,_,_,_,_,_,@iab1940m-words#@iab1940m#47.524#47.888
118,гражданской,гражданский,ADJ,_,Case=Gen|Degree=Pos|Gender=Fem|Number=Sing,_,_,_,@iab1940m-words#@iab1940m#47.888#48.252
119,войны,война,NOUN,_,Animacy=Inan|Case=Gen|Gender=Fem|Number=Sing,_,_,_,@iab1940m-words#@iab1940m#48.252#48.616
120,там,там,ADV,_,Degree=Pos,_,_,_,@iab1940m-words#@iab1940m#48.616#48.98
121,э,э,INTJ,_,_,_,_,_,@iab1940m-words#@iab1940m#48.98#49.344
122,девятнадцатый,девятнадцатый,ADJ,_,Case=Nom|Degree=Pos|Gender=Masc|Number=Sing,_,_,_,@iab1940m-words#@iab1940m#49.344#49.708
123,то,то,PRON,_,Animacy=Inan|Case=Nom|Gender=Neut|Number=Sing,_,_,_,@iab1940m-words#@iab1940m#49.708#50.072
124,есть,быть,VERB,_,Aspect=Imp|Mood=Ind|Number=Sing|Person=3|Tense=Pres|VerbForm=Fin|Voice=Act,_,_,_,@iab1940m-words#@iab1940m#50.072#50.436
125,девятнадцатого,девятнадцатый,ADJ,_,Case=Gen|Degree=Pos|Gender=Masc|Number=Sing,_,_,_,@iab1940m-words#@iab1940m#50.436#50.8
126,двадцатого,двадцатый,ADJ,_,Case=Gen|Degree=Pos|Gender=Masc|Number=Sing,_,_,_,@iab1940m-words#@iab1940m#50.8#51.164
127,года,год,NOUN,_,Animacy=Inan|Case=Gen|Gender=Masc|Number=Sing,_,_,_,@iab1940m-words#@iab1940m#51.164#51.528
128,то,то,PRON,_,Animacy=Inan|Case=Nom|Gender=Neut|Number=Sing,_,_,_,@iab1940m-words#@iab1940m#51.528#51.892
129,есть,быть,VERB,_,Aspect=Imp|Mood=Ind|Number=Sing|Person=3|Tense=Pres|VerbForm=Fin|Voice=Act,_,_,_,@iab1940m-words#@iab1940m#51.892#52.256
130,двадцать,двадцать,NUM,_,Case=Nom,_,_,_,@iab1940m-words#@iab1940m#52.256#52.62
131,третий,третий,ADJ,_,Case=Nom|Degree=Pos|Gender=Masc|Number=Sing,_,_,_,@iab1940m-words#@iab1940m#52.62#52.984
132,двадцать,двадцать,NUM,_,Case=Nom,_,_,_,@iab1940m-words#@iab1940m#52.984#53.348
133,четвертый,четвертый,ADJ,_,Case=Nom|Degree=Pos|Gender=Masc|Number=Sing,_,_,_,@iab1940m-words#@iab1940m#53.348#53.712
134,двадцать,двадцать,NUM,_,Case=Nom,_,_,_,@iab1940m-words#@iab1940m#53.712#54.076
135,пятый,пятый,ADJ,_,Case=Nom|Degree=Pos|Gender=Masc|Number=Sing,_,_,_,@iab1940m-words#@iab1940m#54.076#54.44
136,то,то,PRON,_,Animacy=Inan|Case=Nom|Gender=Neut|Number=Sing,_,_,_,@iab1940m-words#@iab1940m#54.44#54.804
137,есть,быть,VERB,_,Aspect=Imp|Mood=Ind|Number=Sing|Person=3|Tense=Pres|VerbForm=Fin|Voice=Act,_,_,_,@iab1940m-words#@iab1940m#54.804#55.168
138,он,он,PRON,_,Case=Nom|Gender=Masc|Number=Sing|Person=3,_,_,_,@iab1940m-words#@iab1940m#55.168#55.532
139,пытался,пытаться,VERB,_,Aspect=Imp|Gender=Masc|Mood=Ind|Number=Sing|Tense=Past|VerbForm=Fin|Voice=Mid,_,_,_,@iab1940m-words#@iab1940m#55.532#55.896
140,каким-то,какой-то,DET,_,Case=Ins|Gender=Masc|Number=Sing,_,_,_,@iab1940m-words#@iab1940m#55.896#56.26
141,образом,образ,NOUN,_,Animacy=Inan|Case=Ins|Gender=Masc|Number=Sing,_,_,_,@iab1940m-words#@iab1940m#56.26#56.624
142,к,к,ADP,_,_,_,_,_,@iab1940m-words#@iab1940m#56.624#56.988
143,этой,этот,DET,_,Case=Dat|Gender=Fem|Number=Sing,_,_,_,@iab1940m-words#@iab1940m#56.988#57.352
144,ситуации,ситуация,NOUN,_,Animacy=Inan|Case=Dat|Gender=Fem|Number=Sing,_,_,_,@iab1940m-words#@iab1940m#57.352#57.716
145,прижиться,прижиться,VERB,_,Aspect=Perf|VerbForm=Inf|Voice=Mid,_,_,_,@iab1940m-words#@iab1940m#57.716#58.08
146,приспособиться,приспособиться,VERB,_,Aspect=Perf|VerbForm=Inf|Voice=Mid,_,_,_,@iab1940m-words#@iab1940m#58.08#58.444
147,да,да,PART,_,_,_,_,_,@iab1940m-words#@iab1940m#58.444#58.808
148,но,но,CCONJ,_,_,_,_,_,@iab1940m-words#@iab1940m#58.808#59.172
149,опять-таки,опять-таки,ADV,_,Degree=Pos,_,_,_,@iab1940m-words#@iab1940m#59.172#59.536
150,возни...,возни...,X,_,_,_,_,_,@iab1940m-words#@iab1940m#59.536#59.9
151,возникает,возникать,VERB,_,Aspect=Imp|Mood=Ind|Number=Sing|Person=3|Tense=Pres|VerbForm=Fin|Voice=Act,_,_,_,@iab1940m-words#@iab1940m#59.9#60.264
152,несовпадение,несовпадение,NOUN,_,Animacy=Inan|Case=Nom|Gender=Neut|Number=Sing,_,_,_,@iab1940m-words#@iab1940m#60.264#60.628
153,языковых,языковой,ADJ,_,Case=Gen|Degree=Pos|Number=Plur,_,_,_,@iab1940m-words#@iab1940m#60.628#60.992
154,по,по,ADP,_,_,_,_,_,@iab1940m-words#@iab1940m#60.992#61.356
155,крайней,крайний,ADJ,_,Case=Dat|Gender=Fem|Number=Sing,,,,
156,мере,мера,NOUN,_,Animacy=Inan|Case=Dat|Gender=Fem|Number=Sing,_,_,_,@iab1940m-words#@iab1940m#61.356#61.72
157,планов,план,NOUN,_,Animacy=Inan|Case=Gen|Gender=Masc|Number=Plur,_,_,_,@iab1940m-words#@iab1940m#61.72#62.084
158,не,не,PART,_,_,_,_,_,@iab1940m-words#@iab1940m#62.084#62.448
159,говоря,говорить,VERB,_,Aspect=Imp|Tense=Pres|VerbForm=Conv|Voice=Act,_,_,_,@iab1940m-words#@iab1940m#62.448#62.812
160,о,о,ADP,_,_,_,_,_,@iab1940m-words#@iab1940m#62.812#63.176
161,том,то,PRON,_,Animacy=Inan|Case=Loc|Gender=Neut|Number=Sing,_,_,_,@iab1940m-words#@iab1940m#63.176#63.54
162,что,что,SCONJ,_,_,_,_,_,@iab1940m-words#@iab1940m#63.54#63.904
163,культурных,культурный,ADJ,_,Case=Gen|Degree=Pos|Number=Plur,_,_,_,@iab1940m-words#@iab1940m#63.904#64.268
164,планов,план,NOUN,_,Animacy=Inan|Case=Gen|Gender=Masc|Number=Plur,_,_,_,@iab1940m-words#@iab1940m#64.268#64.632
165,да,да,PART,_,_,_,_,_,@iab1940m-words#@iab1940m#64.632#65.0
166,то,то,PRON,_,Animacy=Inan|Case=Nom|Gender=Neut|Number=Sing,_,_,_,@iab1940m-words#@iab1940m#65.0#65.269
167,есть,быть,VERB,_,Aspect=Imp|Mood=Ind|Number=Sing|Person=3|Tense=Pres|VerbForm=Fin|Voice=Act,_,_,_,@iab1940m-words#@iab1940m#65.269#65.538
168,что,что,SCONJ,_,_,_,_,_,@iab1940m-words#@iab1940m#65.538#65.807
169,он,он,PRON,_,Case=Nom|Gender=Masc|Number=Sing|Person=3,_,_,_,@iab1940m-words#@iab1940m#65.807#66.076
170,ни,ни,PART,_,_,_,_,_,@iab1940m-words#@iab1940m#66.076#66.345
171,делал,делать,VERB,_,Aspect=Imp|Gender=Masc|Mood=Ind|Number=Sing|Tense=Past|VerbForm=Fin|Voice=Act,_,_,_,@iab1940m-words#@iab1940m#66.345#66.614
172,он,он,PRON,_,Case=Nom|Gender=Masc|Number=Sing|Person=3,_,_,_,@iab1940m-words#@iab1940m#66.614#66.883
173,пытался,пытаться,VERB,_,Aspect=Imp|Gender=Masc|Mood=Ind|Number=Sing|Tense=Past|VerbForm=Fin|Voice=Mid,_,_,_,@iab1940m-words#@iab1940m#66.883#67.152
174,писать,писать,VERB,_,Aspect=Imp|VerbForm=Inf|Voice=Act,_,_,_,@iab1940m-words#@iab1940m#67.152#67.421
175,и,и,CCONJ,_,_,_,_,_,@iab1940m-words#@iab1940m#67.421#67.69
176,рецензии,рецензия,NOUN,_,Animacy=Inan|Case=Acc|Gender=Fem|Number=Plur,_,_,_,@iab1940m-words#@iab1940m#67.69#67.959
177,которые,который,PRON,_,Case=Acc,_,_,_,@iab1940m-words#@iab1940m#67.959#68.228
178,значит,значить,VERB,_,Aspect=Imp|Mood=Ind|Number=Sing|Person=3|Tense=Pres|VerbForm=Fin|Voice=Act,_,_,_,@iab1940m-words#@iab1940m#68.228#68.497
179,в,в,ADP,_,_,_,_,_,@iab1940m-words#@iab1940m#68.497#68.766
180,общем,общий,ADJ,_,Case=Loc|Degree=Pos|Gender=Neut|Number=Sing,_,_,_,@iab1940m-words#@iab1940m#68.766#69.035
181,требовало,требовать,VERB,_,Aspect=Imp|Gender=Neut|Mood=Ind|Number=Sing|Tense=Past|VerbForm=Fin|Voice=Act,_,_,_,@iab1940m-words#@iab1940m#69.035#69.304
182,время,время,NOUN,_,Animacy=Inan|Case=Acc|Gender=Neut|Number=Sing,_,_,_,@iab1940m-words#@iab1940m#69.304#69.573
183,и,и,CCONJ,_,_,_,_,_,@iab1940m-words#@iab1940m#69.573#69.842
184,так,так,ADV,_,Degree=Pos,_,_,_,@iab1940m-words#@iab1940m#69.842#70.111
185,далее,далее,ADV,_,Degree=Pos,_,_,_,@iab1940m-words#@iab1940m#70.111#70.38
186,так,так,ADV,_,Degree=Pos,_,_,_,@iab1940m-words#@iab1940m#70.38#70.649
187,далее,далее,ADV,_,Degree=Pos,_,_,_,@iab1940m-words#@iab1940m#70.649#70.918
188,в,в,ADP,_,_,_,_,_,@iab1940m-words#@iab1940m#70.918#71.187
189,духе,дух,NOUN,_,Animacy=Inan|Case=Loc|Gender=Masc|Number=Sing,_,_,_,@iab1940m-words#@iab1940m#71.187#71.456
190,служения,служение,NOUN,_,Animacy=Inan|Case=Gen|Gender=Neut|Number=Sing,_,_,_,@iab1940m-words#@iab1940m#71.456#71.725
191,обществу,общество,NOUN,_,Animacy=Inan|Case=Dat|Gender=Neut|Number=Sing,_,_,_,@iab1940m-words#@iab1940m#71.725#72.0
192,то,то,PRON,_,Animacy=Inan|Case=Nom|Gender=Neut|Number=Sing,_,_,_,@iab1940m-words#@iab1940m#72.0#72.311
193,есть,быть,VERB,_,Aspect=Imp|Mood=Ind|Number=Sing|Person=3|Tense=Pres|VerbForm=Fin|Voice=Act,_,_,_,@iab1940m-words#@iab1940m#72.311#72.622
194,Мандельштам,Мандельштам,PROPN,_,Animacy=Anim|Case=Nom|Gender=Masc|Number=Sing,_,_,_,@iab1940m-words#@iab1940m#72.622#72.933
195,в,в,ADP,_,_,_,_,_,@iab1940m-words#@iab1940m#72.933#73.244
196,известной,известный,ADJ,_,Case=Loc|Degree=Pos|Gender=Fem|Number=Sing,_,_,_,@iab1940m-words#@iab1940m#73.244#73.555
197,степени,степень,NOUN,_,Animacy=Inan|Case=Loc|Gender=Fem|Number=Sing,_,_,_,@iab1940m-words#@iab1940m#73.555#73.866
198,это,это,PRON,_,Animacy=Inan|Case=Nom|Gender=Neut|Number=Sing,_,_,_,@iab1940m-words#@iab1940m#73.866#74.177
199,довольно,довольно,ADV,_,Degree=Pos,_,_,_,@iab1940m-words#@iab1940m#74.177#74.488
200,интересно,интересный,ADJ,_,Degree=Pos|Gender=Neut|Number=Sing|Variant=Short,_,_,_,@iab1940m-words#@iab1940m#74.488#74.8
201,он,он,PRON,_,Case=Nom|Gender=Masc|Number=Sing|Person=3,_,_,_,@iab1940m-words#@iab1940m#76.0#76.354
202,смотрел,смотреть,VERB,_,Aspect=Imp|Gender=Masc|Mood=Ind|Number=Sing|Tense=Past|VerbForm=Fin|Voice=Act,_,_,_,@iab1940m-words#@iab1940m#76.354#76.708
203,на,на,ADP,_,_,_,_,_,@iab1940m-words#@iab1940m#76.708#77.062
204,себя,себя,PRON,_,Case=Acc,_,_,_,@iab1940m-words#@iab1940m#77.062#77.416
205,то,то,PRON,_,Animacy=Inan|Case=Nom|Gender=Neut|Number=Sing,_,_,_,@iab1940m-words#@iab1940m#77.416#77.77
206,есть,быть,VERB,_,Aspect=Imp|Mood=Ind|Number=Sing|Person=3|Tense=Pres|VerbForm=Fin|Voice=Act,_,_,_,@iab1940m-words#@iab1940m#77.77#78.124
207,то,то,PRON,_,Animacy=Inan|Case=Nom|Gender=Neut|Number=Sing,_,_,_,@iab1940m-words#@iab1940m#78.124#78.478
208,что,что,PRON,_,Case=Nom,_,_,_,@iab1940m-words#@iab1940m#78.478#78.832
209,ему,он,PRON,_,Case=Dat|Gender=Masc|Number=Sing|Person=3,_,_,_,@iab1940m-words#@iab1940m#78.832#79.186
210,помогало,помогать,VERB,_,Aspect=Imp|Gender=Neut|Mood=Ind|Number=Sing|Tense=Past|VerbForm=Fin|Voice=Act,_,_,_,@iab1940m-words#@iab1940m#79.186#79.54
211,в,в,ADP,_,_,_,_,_,@iab1940m-words#@iab1940m#79.54#79.894
212,известной,известный,ADJ,_,Case=Loc|Degree=Pos|Gender=Fem|Number=Sing,_,_,_,@iab1940m-words#@iab1940m#79.894#80.248
213,степени,степень,NOUN,_,Animacy=Inan|Case=Loc|Gender=Fem|Number=Sing,_,_,_,@iab1940m-words#@iab1940m#80.248#80.602
214,хотя,хотя,SCONJ,_,_,_,_,_,@iab1940m-words#@iab1940m#80.602#80.956
215,и,и,CCONJ,_,_,_,_,_,@iab1940m-words#@iab1940m#80.956#81.31
216,сводило,сводить,VERB,_,Aspect=Imp|Gender=Neut|Mood=Ind|Number=Sing|Tense=Past|VerbForm=Fin|Voice=Act,_,_,_,@iab1940m-words#@iab1940m#81.31#81.664
217,одновременно,одновременно,ADV,_,Degree=Pos,_,_,_,@iab1940m-words#@iab1940m#81.664#82.018
218,с,с,ADP,_,_,_,_,_,@iab1940m-words#@iab1940m#82.018#82.372
219,ума,ум,NOUN,_,Animacy=Inan|Case=Gen|Gender=Masc|Number=Sing,_,_,_,@iab1940m-words#@iab1940m#82.372#82.726
220,пытаться,пытаться,VERB,_,Aspect=Imp|VerbForm=Inf|Voice=Mid,_,_,_,@iab1940m-words#@iab1940m#82.726#83.08
221,приспособиться,приспособиться,VERB,_,Aspect=Perf|VerbForm=Inf|Voice=Mid,_,_,_,@iab1940m-words#@iab1940m#83.08#83.434
222,к,к,ADP,_,_,_,_,_,@iab1940m-words#@iab1940m#83.434#83.788
223,этой,этот,DET,_,Case=Dat|Gender=Fem|Number=Sing,_,_,_,@iab1940m-words#@iab1940m#83.788#84.142
224,системе,система,NOUN,_,Animacy=Inan|Case=Dat|Gender=Fem|Number=Sing,_,_,_,@iab1940m-words#@iab1940m#84.142#84.5
225,это,это,PRON,_,Animacy=Inan|Case=Nom|Gender=Neut|Number=Sing,_,_,_,@iab1940m-words#@iab1940m#84.5#84.869
226,был,быть,AUX,_,Aspect=Imp|Gender=Masc|Mood=Ind|Number=Sing|Tense=Past|VerbForm=Fin|Voice=Act,_,_,_,@iab1940m-words#@iab1940m#84.869#85.238
227,пафос,пафос,NOUN,_,Animacy=Inan|Case=Nom|Gender=Masc|Number=Sing,_,_,_,@iab1940m-words#@iab1940m#85.238#85.607
228,или,или,CCONJ,_,_,_,_,_,@iab1940m-words#@iab1940m#85.607#85.976
229,это,это,PRON,_,Animacy=Inan|Case=Nom|Gender=Neut|Number=Sing,_,_,_,@iab1940m-words#@iab1940m#85.976#86.345
230,было,быть,AUX,_,Aspect=Imp|Gender=Neut|Mood=Ind|Number=Sing|Tense=Past|VerbForm=Fin|Voice=Act,_,_,_,@iab1940m-words#@iab1940m#86.345#86.714
231,сознание,сознание,NOUN,_,Animacy=Inan|Case=Nom|Gender=Neut|Number=Sing,_,_,_,@iab1940m-words#@iab1940m#86.714#87.083
232,такого,такой,DET,_,Case=Gen|Gender=Masc|Number=Sing,_,_,_,@iab1940m-words#@iab1940m#87.083#87.452
233,как,как,ADV,_,Degree=Pos,_,_,_,@iab1940m-words#@iab1940m#87.452#87.821
234,бы,бы,AUX,_,_,_,_,_,@iab1940m-words#@iab1940m#87.821#88.19
235,сказать,сказать,VERB,_,Aspect=Perf|VerbForm=Inf|Voice=Act,_,_,_,@iab1940m-words#@iab1940m#88.19#88.559
236,то,то,PRON,_,Case=Nom,_,_,_,@iab1940m-words#@iab1940m#88.559#88.928
237,что,что,PRON,_,Case=Nom,_,_,_,@iab1940m-words#@iab1940m#88.928#89.297
238,называется,называться,VERB,_,Aspect=Imp|Mood=Ind|Number=Sing|Person=3|Tense=Pres|VerbForm=Fin|Voice=Mid,_,_,_,@iab1940m-words#@iab1940m#89.297#89.666
239,по-английски,по-английски,ADV,_,Degree=Pos,_,_,_,@iab1940m-words#@iab1940m#89.666#90.035
240,civil,civil,X,_,Foreign=Yes,_,_,_,@iab1940m-words#@iab1940m#90.035#90.404
241,servant,servant,X,_,Foreign=Yes,_,_,_,@iab1940m-words#@iab1940m#90.404#90.773
242,то,то,PRON,_,Animacy=Inan|Case=Nom|Gender=Neut|Number=Sing,_,_,_,@iab1940m-words#@iab1940m#90.773#91.142
243,есть,быть,VERB,_,Aspect=Imp|Mood=Ind|Number=Sing|Person=3|Tense=Pres|VerbForm=Fin|Voice=Act,_,_,_,@iab1940m-words#@iab1940m#91.142#91.511
244,слу...,слу,X,_,_,_,_,_,@iab1940m-words#@iab1940m#91.511#91.88
245,общественного,общественный,ADJ,_,Case=Gen|Degree=Pos|Gender=Neut|Number=Sing,_,_,_,@iab1940m-words#@iab1940m#91.88#92.249
246,служения,служение,NOUN,_,Animacy=Inan|Case=Gen|Gender=Neut|Number=Sing,_,_,_,@iab1940m-words#@iab1940m#92.249#92.618
247,да,да,PART,_,_,_,_,_,@iab1940m-words#@iab1940m#92.618#93.0
248,то,то,PRON,_,Animacy=Inan|Case=Nom|Gender=Neut|Number=Sing,_,_,_,@iab1940m-words#@iab1940m#93.0#93.285
249,есть,быть,VERB,_,Aspect=Imp|Mood=Ind|Number=Sing|Person=3|Tense=Pres|VerbForm=Fin|Voice=Act,_,_,_,@iab1940m-words#@iab1940m#93.285#93.57
250,это,этот,PRON,_,Animacy=Inan|Case=Nom|Gender=Neut|Number=Sing,_,_,_,@iab1940m-words#@iab1940m#93.57#93.855
251,мысль,мысль,NOUN,_,Animacy=Inan|Case=Nom|Gender=Fem|Number=Sing,_,_,_,@iab1940m-words#@iab1940m#93.855#94.14
252,о,о,ADP,_,_,_,_,_,@iab1940m-words#@iab1940m#94.14#94.425
253,том,то,PRON,_,Animacy=Inan|Case=Loc|Gender=Neut|Number=Sing,_,_,_,@iab1940m-words#@iab1940m#94.425#94.71
254,что,что,SCONJ,_,_,_,_,_,@iab1940m-words#@iab1940m#94.71#94.995
255,у,у,ADP,_,_,_,_,_,@iab1940m-words#@iab1940m#94.995#95.28
256,нас,мы,PRON,_,Case=Gen|Number=Plur|Person=1,_,_,_,@iab1940m-words#@iab1940m#95.28#95.565
257,есть,быть,VERB,_,Aspect=Imp|Mood=Ind|Number=Sing|Person=3|Tense=Pres|VerbForm=Fin|Voice=Act,_,_,_,@iab1940m-words#@iab1940m#95.565#95.85
258,общество,общество,NOUN,_,Animacy=Inan|Case=Nom|Gender=Neut|Number=Sing,_,_,_,@iab1940m-words#@iab1940m#95.85#96.135
259,которому,который,PRON,_,Case=Dat,_,_,_,@iab1940m-words#@iab1940m#96.135#96.42
260,мы,мы,PRON,_,Case=Nom|Number=Plur|Person=1,_,_,_,@iab1940m-words#@iab1940m#96.42#96.705
261,можем,мочь,VERB,_,Aspect=Imp|Mood=Ind|Number=Plur|Person=1|Tense=Pres|VerbForm=Fin|Voice=Act,_,_,_,@iab1940m-words#@iab1940m#96.705#96.99
262,служить,служить,VERB,_,Aspect=Imp|VerbForm=Inf|Voice=Act,_,_,_,@iab1940m-words#@iab1940m#96.99#97.275
263,да,да,PART,_,_,_,_,_,@iab1940m-words#@iab1940m#97.275#97.56
264,и,и,PART,_,_,_,_,_,@iab1940m-words#@iab1940m#97.56#97.845
265,должны,должен,ADJ,_,Degree=Pos|Number=Plur|Variant=Short,_,_,_,@iab1940m-words#@iab1940m#97.845#98.13
266,в,в,ADP,_,_,_,_,_,@iab1940m-words#@iab1940m#98.13#98.415
267,известной,известный,ADJ,_,Case=Loc|Degree=Pos|Gender=Fem|Number=Sing,_,_,_,@iab1940m-words#@iab1940m#98.415#98.7
268,степени,степень,NOUN,_,Animacy=Inan|Case=Loc|Gender=Fem|Number=Sing,_,_,_,@iab1940m-words#@iab1940m#98.7#98.985
269,служить,служить,VERB,_,Aspect=Imp|VerbForm=Inf|Voice=Act,_,_,_,@iab1940m-words#@iab1940m#98.985#99.27
270,даже,даже,PART,_,_,_,_,_,@iab1940m-words#@iab1940m#99.27#99.555
271,если,если,SCONJ,_,_,_,_,_,@iab1940m-words#@iab1940m#99.555#99.84
272,это,это,PRON,_,Animacy=Inan|Case=Acc|Gender=Neut|Number=Sing,_,_,_,@iab1940m-words#@iab1940m#99.84#100.125
273,нам,мы,PRON,_,Case=Dat|Number=Plur|Person=1,_,_,_,@iab1940m-words#@iab1940m#100.125#100.41
274,зачастую,зачастую,ADV,_,Degree=Pos,_,_,_,@iab1940m-words#@iab1940m#100.41#100.695
275,[нрзб],[нрзб],X,_,_,_,_,_,@iab1940m-words#@iab1940m#100.695#101.0
276,Мандельштам,Мандельштам,PROPN,_,Animacy=Anim|Case=Nom|Gender=Masc|Number=Sing,_,_,_,@iab1940m-words#@iab1940m#101.0#101.351
277,например,например,ADV,_,Degree=Pos,_,_,_,@iab1940m-words#@iab1940m#101.351#101.702
278,как,как,SCONJ,_,_,_,_,_,@iab1940m-words#@iab1940m#101.702#102.053
279,поэт,поэт,NOUN,_,Animacy=Anim|Case=Nom|Gender=Masc|Number=Sing,_,_,_,@iab1940m-words#@iab1940m#102.053#102.404
280,он,он,PRON,_,Case=Nom|Gender=Masc|Number=Sing|Person=3,_,_,_,@iab1940m-words#@iab1940m#102.404#102.755
281,был,быть,AUX,_,Aspect=Imp|Gender=Masc|Mood=Ind|Number=Sing|Tense=Past|VerbForm=Fin|Voice=Act,_,_,_,@iab1940m-words#@iab1940m#102.755#103.106
282,не,не,PART,_,_,_,_,_,@iab1940m-words#@iab1940m#103.106#103.457
283,очень,очень,ADV,_,Degree=Pos,_,_,_,@iab1940m-words#@iab1940m#103.457#103.808
284,интересен,интересный,ADJ,_,Degree=Pos|Gender=Masc|Number=Sing|Variant=Short,_,_,_,@iab1940m-words#@iab1940m#103.808#104.159
285,именно,именно,PART,_,_,_,_,_,@iab1940m-words#@iab1940m#104.159#104.51
286,как,как,SCONJ,_,_,_,_,_,@iab1940m-words#@iab1940m#104.51#104.861
287,поэт,поэт,NOUN,_,Animacy=Anim|Case=Nom|Gender=Masc|Number=Sing,_,_,_,@iab1940m-words#@iab1940m#104.861#105.212
288,в,в,ADP,_,_,_,_,_,@iab1940m-words#@iab1940m#105.212#105.563
289,том,тот,DET,_,Case=Loc|Gender=Masc|Number=Sing,_,_,_,@iab1940m-words#@iab1940m#105.563#105.914
290,смысле,смысл,NOUN,_,Animacy=Inan|Case=Loc|Gender=Masc|Number=Sing,_,_,_,@iab1940m-words#@iab1940m#105.914#106.265
291,что,что,SCONJ,_,_,_,_,_,@iab1940m-words#@iab1940m#106.265#106.616
292,он,он,PRON,_,Case=Nom|Gender=Masc|Number=Sing|Person=3,_,_,_,@iab1940m-words#@iab1940m#106.616#106.967
293,его,его,DET,_,_,_,_,_,@iab1940m-words#@iab1940m#106.967#107.318
294,рифмы,рифма,NOUN,_,Animacy=Inan|Case=Nom|Gender=Masc|Number=Plur,_,_,_,@iab1940m-words#@iab1940m#107.318#107.669
295,не,не,PART,_,_,_,_,_,@iab1940m-words#@iab1940m#107.669#108.02
296,очень,очень,ADV,_,Degree=Pos,_,_,_,@iab1940m-words#@iab1940m#108.02#108.371
297,интересны,интересный,ADJ,_,Degree=Pos|Number=Plur|Variant=Short,_,_,_,@iab1940m-words#@iab1940m#108.371#108.722
298,да,да,PART,_,_,_,_,_,@iab1940m-words#@iab1940m#108.722#109.073
299,его,его,DET,_,_,_,_,_,@iab1940m-words#@iab1940m#109.073#109.424
300,размеры,размер,NOUN,_,Animacy=Inan|Case=Acc|Gender=Masc|Number=Plur,_,_,_,@iab1940m-words#@iab1940m#109.424#109.775
301,в,в,ADP,_,_,_,_,_,@iab1940m-words#@iab1940m#109.775#110.126
302,общем,общий,ADJ,_,Case=Loc|Degree=Pos|Gender=Neut|Number=Sing,_,_,_,@iab1940m-words#@iab1940m#110.126#110.477
303,не,не,PART,_,_,_,_,_,@iab1940m-words#@iab1940m#110.477#110.828
304,очень,очень,ADV,_,Degree=Pos,_,_,_,@iab1940m-words#@iab1940m#110.828#111.179
305,интересны,интересный,ADJ,_,Degree=Pos|Number=Plur|Variant=Short,_,_,_,@iab1940m-words#@iab1940m#111.179#111.53
306,то,то,PRON,_,Animacy=Inan|Case=Nom|Gender=Neut|Number=Sing,_,_,_,@iab1940m-words#@iab1940m#111.53#111.881
307,есть,быть,VERB,_,Aspect=Imp|Mood=Ind|Number=Sing|Person=3|Tense=Pres|VerbForm=Fin|Voice=Act,_,_,_,@iab1940m-words#@iab1940m#111.881#112.232
308,они,они,PRON,_,Case=Nom|Number=Plur|Person=3,_,_,_,@iab1940m-words#@iab1940m#112.232#112.583
309,вполне,вполне,ADV,_,Degree=Pos,_,_,_,@iab1940m-words#@iab1940m#112.583#112.934
310,традиционны,традиционный,ADJ,_,Degree=Pos|Number=Plur|Variant=Short,_,_,_,@iab1940m-words#@iab1940m#112.934#113.3
311,просто,просто,PART,_,_,_,_,_,@iab1940m-words#@iab1940m#113.3#113.696
312,чрезвычайно,чрезвычайно,ADV,_,Degree=Pos,_,_,_,@iab1940m-words#@iab1940m#113.696#114.092
313,феноменально,феноменально,ADV,_,Degree=Pos,_,_,_,@iab1940m-words#@iab1940m#114.092#114.488
314,то,то,PRON,_,Animacy=Inan|Case=Nom|Gender=Neut|Number=Sing,_,_,_,@iab1940m-words#@iab1940m#114.488#114.884
315,что,что,SCONJ,_,_,_,_,_,@iab1940m-words#@iab1940m#114.884#115.28
316,он,он,PRON,_,Case=Nom|Gender=Masc|Number=Sing|Person=3,_,_,_,@iab1940m-words#@iab1940m#115.28#115.676
317,говорит,говорить,VERB,_,Aspect=Imp|Mood=Ind|Number=Sing|Person=3|Tense=Pres|VerbForm=Fin|Voice=Act,_,_,_,@iab1940m-words#@iab1940m#115.676#116.072
318,в,в,ADP,_,_,_,_,_,@iab1940m-words#@iab1940m#116.072#116.468
319,этих,этот,DET,_,Case=Loc|Number=Plur,_,_,_,@iab1940m-words#@iab1940m#116.468#116.864
320,размерах,размер,NOUN,_,Animacy=Inan|Case=Loc|Gender=Masc|Number=Plur,_,_,_,@iab1940m-words#@iab1940m#116.864#117.26
321,да,да,PART,_,_,_,_,_,@iab1940m-words#@iab1940m#117.26#117.66
322,а,а,CCONJ,_,_,_,_,_,@iab1940m-words#@iab1940m#117.66#118.029
323,не,не,PART,_,_,_,_,_,@iab1940m-words#@iab1940m#118.029#118.398
324,то,то,PRON,_,Animacy=Inan|Case=Nom|Gender=Neut|Number=Sing,_,_,_,@iab1940m-words#@iab1940m#118.398#118.767
325,как,как,SCONJ,_,_,_,_,_,@iab1940m-words#@iab1940m#118.767#119.136
326,он,он,PRON,_,Case=Nom|Gender=Masc|Number=Sing|Person=3,_,_,_,@iab1940m-words#@iab1940m#119.136#119.505
327,в,в,ADP,_,_,_,_,_,@iab1940m-words#@iab1940m#119.505#119.874
328,известной,известный,ADJ,_,Case=Loc|Degree=Pos|Gender=Fem|Number=Sing,_,_,_,@iab1940m-words#@iab1940m#119.874#120.243
329,степени,степень,NOUN,_,Animacy=Inan|Case=Loc|Gender=Fem|Number=Sing,_,_,_,@iab1940m-words#@iab1940m#120.243#120.612
330,делает,делать,VERB,_,Aspect=Imp|Mood=Ind|Number=Sing|Person=3|Tense=Pres|VerbForm=Fin|Voice=Act,_,_,_,@iab1940m-words#@iab1940m#120.612#120.981
331,да,да,PART,_,_,_,_,_,@iab1940m-words#@iab1940m#120.981#121.35
332,то,то,PRON,_,Animacy=Inan|Case=Nom|Gender=Neut|Number=Sing,_,_,_,@iab1940m-words#@iab1940m#121.35#121.719
333,есть,быть,VERB,_,Aspect=Imp|Mood=Ind|Number=Sing|Person=3|Tense=Pres|VerbForm=Fin|Voice=Act,_,_,_,@iab1940m-words#@iab1940m#121.719#122.088
334,феноменально,феноменально,ADV,_,Degree=Pos,_,_,_,@iab1940m-words#@iab1940m#122.088#122.457
335,это,этот,PRON,_,Animacy=Inan|Case=Nom|Gender=Neut|Number=Sing,_,_,_,@iab1940m-words#@iab1940m#122.457#122.826
336,э,э,INTJ,_,_,_,_,_,@iab1940m-words#@iab1940m#122.826#123.195
337,это,это,PRON,_,Animacy=Inan|Case=Nom|Gender=Neut|Number=Sing,_,_,_,@iab1940m-words#@iab1940m#123.195#123.564
338,соверш…,соверш,X,_,_,_,_,_,@iab1940m-words#@iab1940m#123.564#123.933
339,фен...,фен,X,_,_,_,_,_,@iab1940m-words#@iab1940m#123.933#124.302
340,совершенно,совершенно,ADV,_,Degree=Pos,_,_,_,@iab1940m-words#@iab1940m#124.302#124.671
341,фантастический,фантастический,ADJ,_,Case=Nom|Degree=Pos|Gender=Masc|Number=Sing,_,_,_,@iab1940m-words#@iab1940m#124.671#125.04
342,культурный,культурный,ADJ,_,Case=Nom|Degree=Pos|Gender=Masc|Number=Sing,_,_,_,@iab1940m-words#@iab1940m#125.04#125.409
343,сплав,сплав,NOUN,_,Animacy=Inan|Case=Nom|Gender=Masc|Number=Sing,_,_,_,@iab1940m-words#@iab1940m#125.409#125.778
344,который,который,PRON,_,Case=Nom,_,_,_,@iab1940m-words#@iab1940m#125.778#126.147
345,идет,идти,VERB,_,Aspect=Imp|Mood=Ind|Number=Sing|Person=3|Tense=Pres|VerbForm=Fin|Voice=Act,_,_,_,@iab1940m-words#@iab1940m#126.147#126.516
346,в,в,ADP,_,_,_,_,_,@iab1940m-words#@iab1940m#126.516#126.885
347,его,его,DET,_,_,_,_,_,@iab1940m-words#@iab1940m#126.885#127.254
348,стихи,стих,NOUN,_,Animacy=Inan|Case=Acc|Gender=Masc|Number=Plur,_,_,_,@iab1940m-words#@iab1940m#127.254#127.623
349,да,да,PART,_,_,_,_,_,@iab1940m-words#@iab1940m#127.623#128.0
350,и,и,CCONJ,_,_,_,_,_,@iab1940m-words#@iab1940m#128.0#128.294
351,чем,что,PRON,_,Case=Ins,_,_,_,@iab1940m-words#@iab1940m#128.294#128.588
352,замечателен,замечательный,ADJ,_,Degree=Pos|Gender=Masc|Number=Sing|Variant=Short,_,_,_,@iab1940m-words#@iab1940m#128.588#128.882
353,Мандельштам,Мандельштам,PROPN,_,Animacy=Anim|Case=Nom|Gender=Masc|Number=Sing,_,_,_,@iab1940m-words#@iab1940m#128.882#129.176
354,чем,что,PRON,_,Case=Ins,_,_,_,@iab1940m-words#@iab1940m#129.176#129.47
355,он,он,PRON,_,Case=Nom|Gender=Masc|Number=Sing|Person=3,_,_,_,@iab1940m-words#@iab1940m#129.47#129.764
356,отличается,отличаться,VERB,_,Aspect=Imp|Mood=Ind|Number=Sing|Person=3|Tense=Pres|VerbForm=Fin|Voice=Mid,_,_,_,@iab1940m-words#@iab1940m#129.764#130.058
357,от,от,ADP,_,_,_,_,_,@iab1940m-words#@iab1940m#130.058#130.352
358,всех,все,PRON,_,Case=Gen|Number=Plur,_,_,_,@iab1940m-words#@iab1940m#130.352#130.646
359,чем,чем,PART,_,Case=Ins,_,_,_,@iab1940m-words#@iab1940m#130.646#130.94
360,он,он,PRON,_,Case=Nom|Gender=Masc|Number=Sing|Person=3,_,_,_,@iab1940m-words#@iab1940m#130.94#131.234
361,боль...,боль,X,_,_,_,_,_,@iab1940m-words#@iab1940m#131.234#131.528
362,то,то,PRON,_,Animacy=Inan|Case=Nom|Gender=Neut|Number=Sing,_,_,_,@iab1940m-words#@iab1940m#131.528#131.822
363,есть,быть,VERB,_,Aspect=Imp|Mood=Ind|Number=Sing|Person=3|Tense=Pres|VerbForm=Fin|Voice=Act,_,_,_,@iab1940m-words#@iab1940m#131.822#132.116
364,вот,вот,PART,_,_,_,_,_,@iab1940m-words#@iab1940m#132.116#132.41
365,опять-таки,опять-таки,ADV,_,Degree=Pos,_,_,_,@iab1940m-words#@iab1940m#132.41#132.704
366,я,я,PRON,_,Case=Nom|Number=Sing|Person=1,_,_,_,@iab1940m-words#@iab1940m#132.704#132.998
367,говорю,говорить,VERB,_,Aspect=Imp|Mood=Ind|Number=Sing|Person=1|Tense=Pres|VerbForm=Fin|Voice=Act,_,_,_,@iab1940m-words#@iab1940m#132.998#133.292
368,великий,великий,ADJ,_,Case=Nom|Degree=Pos|Gender=Masc|Number=Sing,_,_,_,@iab1940m-words#@iab1940m#133.292#133.586
369,поэт,поэт,NOUN,_,Animacy=Anim|Case=Nom|Gender=Masc|Number=Sing,_,_,_,@iab1940m-words#@iab1940m#133.586#133.88
370,да,да,PART,_,_,_,_,_,@iab1940m-words#@iab1940m#133.88#134.174
371,то,то,PRON,_,Animacy=Inan|Case=Nom|Gender=Neut|Number=Sing,_,_,_,@iab1940m-words#@iab1940m#134.174#134.468
372,есть,быть,VERB,_,Aspect=Imp|Mood=Ind|Number=Sing|Person=3|Tense=Pres|VerbForm=Fin|Voice=Act,_,_,_,@iab1940m-words#@iab1940m#134.468#134.762
373,более,более,ADV,_,Degree=Cmp,_,_,_,@iab1940m-words#@iab1940m#134.762#135.056
374,вель...,вель,X,_,_,_,_,_,@iab1940m-words#@iab1940m#135.056#135.35
375,чем,что,PRON,_,Case=Ins,_,_,_,@iab1940m-words#@iab1940m#135.35#135.644
376,он,он,PRON,_,Case=Nom|Gender=Masc|Number=Sing|Person=3,_,_,_,@iab1940m-words#@iab1940m#135.644#135.938
377,отличается,отличаться,VERB,_,Aspect=Imp|Mood=Ind|Number=Sing|Person=3|Tense=Pres|VerbForm=Fin|Voice=Mid,_,_,_,@iab1940m-words#@iab1940m#135.938#136.232
378,тем,то,PRON,_,Case=Ins,_,_,_,@iab1940m-words#@iab1940m#136.232#136.526
379,он,он,PRON,_,Case=Nom|Gender=Masc|Number=Sing|Person=3,_,_,_,@iab1940m-words#@iab1940m#136.526#136.82
380,лучше,хорошо,ADV,_,Degree=Cmp,_,_,_,@iab1940m-words#@iab1940m#136.82#137.114
381,других,другой,ADJ,_,Case=Gen|Degree=Pos|Number=Plur,_,_,_,@iab1940m-words#@iab1940m#137.114#137.408
382,например,например,ADV,_,Degree=Pos,_,_,_,@iab1940m-words#@iab1940m#137.408#137.702
383,да,да,PART,_,_,_,_,_,@iab1940m-words#@iab1940m#137.702#138.0
384,это,это,PRON,_,Animacy=Inan|Case=Nom|Gender=Neut|Number=Sing,_,_,_,@iab1940m-words#@iab1940m#138.0#138.451
385,тем,тот,PRON,_,Animacy=Inan|Case=Ins|Gender=Neut|Number=Sing,_,_,_,@iab1940m-words#@iab1940m#138.451#138.902
386,что,что,SCONJ,_,_,_,_,_,@iab1940m-words#@iab1940m#138.902#139.353
387,у,у,ADP,_,_,_,_,_,@iab1940m-words#@iab1940m#139.353#139.804
388,него,он,PRON,_,Case=Gen|Gender=Masc|Number=Sing|Person=3,_,_,_,@iab1940m-words#@iab1940m#139.804#140.255
389,он,он,PRON,_,Case=Nom|Gender=Masc|Number=Sing|Person=3,_,_,_,@iab1940m-words#@iab1940m#140.255#140.706
390,способен,способный,ADJ,_,Degree=Pos|Gender=Masc|Number=Sing|Variant=Short,_,_,_,@iab1940m-words#@iab1940m#140.706#141.157
391,на,на,ADP,_,_,_,_,_,@iab1940m-words#@iab1940m#141.157#141.608
392,похож,похожий,ADJ,_,Degree=Pos|Gender=Masc|Number=Sing|Variant=Short,_,_,_,@iab1940m-words#@iab1940m#141.608#142.059
393,на,на,ADP,_,_,_,_,_,@iab1940m-words#@iab1940m#142.059#142.51
394,Цветаеву,Цветаева,PROPN,_,Animacy=Anim|Case=Acc|Gender=Fem|Number=Sing,_,_,_,@iab1940m-words#@iab1940m#142.51#142.961
395,но,но,CCONJ,_,_,_,_,_,@iab1940m-words#@iab1940m#142.961#143.412
396,более,более,ADV,_,Degree=Cmp,_,_,_,@iab1940m-words#@iab1940m#143.412#143.863
397,прямой,прямой,ADJ,_,Case=Nom|Degree=Pos|Gender=Masc|Number=Sing,_,_,_,@iab1940m-words#@iab1940m#143.863#144.314
398,холд,холд,NOUN,_,Animacy=Inan|Case=Nom|Gender=Masc|Number=Sing,_,_,_,@iab1940m-words#@iab1940m#144.314#144.765
399,да,да,PART,_,_,_,_,_,@iab1940m-words#@iab1940m#144.765#145.216
400,э,э,INTJ,_,_,_,_,_,@iab1940m-words#@iab1940m#145.216#145.667
401,то,то,PRON,_,Animacy=Inan|Case=Nom|Gender=Neut|Number=Sing,_,_,_,@iab1940m-words#@iab1940m#145.667#146.118
402,есть,быть,VERB,_,Aspect=Imp|Mood=Ind|Number=Sing|Person=3|Tense=Pres|VerbForm=Fin|Voice=Act,_,_,_,@iab1940m-words#@iab1940m#146.118#146.569
403,Мандельштам,Мандельштам,PROPN,_,Animacy=Anim|Case=Nom|Gender=Masc|Number=Sing,_,_,_,@iab1940m-words#@iab1940m#146.569#147.02
404,в,в,ADP,_,_,_,_,_,@iab1940m-words#@iab1940m#147.02#147.471
405,состоянии,состояние,NOUN,_,Animacy=Inan|Case=Loc|Gender=Neut|Number=Sing,_,_,_,@iab1940m-words#@iab1940m#147.471#147.922
406,приблизиться,приблизиться,VERB,_,Aspect=Perf|VerbForm=Inf|Voice=Mid,_,_,_,@iab1940m-words#@iab1940m#147.922#148.373
407,к,к,ADP,_,_,_,_,_,@iab1940m-words#@iab1940m#148.373#148.824
408,объекту,объект,NOUN,_,Animacy=Inan|Case=Dat|Gender=Masc|Number=Sing,_,_,_,@iab1940m-words#@iab1940m#148.824#149.275
409,своих,свой,DET,_,Case=Gen|Number=Plur,_,_,_,@iab1940m-words#@iab1940m#149.275#149.726
410,рассуждений,рассуждение,NOUN,_,Animacy=Inan|Case=Gen|Gender=Neut|Number=Plur,_,_,_,@iab1940m-words#@iab1940m#149.726#150.177
411,к,к,ADP,_,_,_,_,_,@iab1940m-words#@iab1940m#150.177#150.628
412,предмету,предмет,NOUN,_,Animacy=Inan|Case=Dat|Gender=Masc|Number=Sing,_,_,_,@iab1940m-words#@iab1940m#150.628#151.079
413,стихотворения,стихотворение,NOUN,_,Animacy=Inan|Case=Gen|Gender=Neut|Number=Sing,_,_,_,@iab1940m-words#@iab1940m#151.079#151.53
414,вплотную,вплотную,ADV,_,Degree=Pos,_,_,_,@iab1940m-words#@iab1940m#151.53#151.981
415,знаете,знать,VERB,_,Aspect=Imp|Mood=Ind|Number=Plur|Person=2|Tense=Pres|VerbForm=Fin|Voice=Act,_,_,_,@iab1940m-words#@iab1940m#151.981#152.432
416,как,как,SCONJ,_,_,_,_,_,@iab1940m-words#@iab1940m#152.432#152.883
417,лицом,лицо,NOUN,_,Animacy=Inan|Case=Ins|Gender=Neut|Number=Sing,_,_,_,@iab1940m-words#@iab1940m#152.883#153.334
418,к,к,ADP,_,_,_,_,_,@iab1940m-words#@iab1940m#153.334#153.785
419,лицу,лицо,NOUN,_,Animacy=Inan|Case=Dat|Gender=Neut|Number=Sing,_,_,_,@iab1940m-words#@iab1940m#153.785#154.236
420,да,да,CCONJ,_,_,_,_,_,@iab1940m-words#@iab1940m#154.236#154.7
421,когда,когда,SCONJ,_,_,_,_,_,@iab1940m-words#@iab1940m#154.7#154.916
422,он,он,PRON,_,Case=Nom|Gender=Masc|Number=Sing|Person=3,_,_,_,@iab1940m-words#@iab1940m#154.916#155.132
423,пишет,писать,VERB,_,Aspect=Imp|Mood=Ind|Number=Sing|Person=3|Tense=Pres|VerbForm=Fin|Voice=Act,_,_,_,@iab1940m-words#@iab1940m#155.132#155.348
424,там,там,ADV,_,Degree=Pos,_,_,_,@iab1940m-words#@iab1940m#155.348#155.564
425,это,это,PRON,_,Animacy=Inan|Case=Nom|Gender=Neut|Number=Sing,_,_,_,@iab1940m-words#@iab1940m#155.564#155.78
426,самое,самый,ADJ,_,Case=Nom|Degree=Pos|Gender=Neut|Number=Sing,_,_,_,@iab1940m-words#@iab1940m#155.78#156.0
427,и,и,CCONJ,_,_,_,_,_,@iab1940m-words#@iab1940m#156.0#156.375
428,в,в,ADP,_,_,_,_,_,@iab1940m-words#@iab1940m#156.375#156.75
429,го…,го,X,_,_,_,_,_,@iab1940m-words#@iab1940m#156.75#157.125
430,то,то,PRON,_,Animacy=Inan|Case=Nom|Gender=Neut|Number=Sing,_,_,_,@iab1940m-words#@iab1940m#157.125#157.5
431,есть,быть,VERB,_,Aspect=Imp|Mood=Ind|Number=Sing|Person=3|Tense=Pres|VerbForm=Fin|Voice=Act,_,_,_,@iab1940m-words#@iab1940m#157.5#157.875
432,это,этот,DET,_,Case=Nom|Gender=Neut|Number=Sing,_,_,_,@iab1940m-words#@iab1940m#157.875#158.25
433,э,э,INTJ,_,_,_,_,_,@iab1940m-words#@iab1940m#158.25#158.625
434,одни,один,DET,_,Case=Nom|Degree=Pos|Number=Plur,_,_,_,@iab1940m-words#@iab1940m#158.625#159.0
435,из,из,ADP,_,_,_,_,_,@iab1940m-words#@iab1940m#159.0#159.375
436,самых,самый,ADJ,_,Case=Gen|Degree=Pos|Number=Plur,_,_,_,@iab1940m-words#@iab1940m#159.375#159.75
437,замечательных,замечательный,ADJ,_,Case=Gen|Degree=Pos|Number=Plur,_,_,_,@iab1940m-words#@iab1940m#159.75#160.125
438,его,его,DET,_,_,_,_,_,@iab1940m-words#@iab1940m#160.125#160.5
439,стихов,стих,NOUN,_,Animacy=Inan|Case=Gen|Gender=Masc|Number=Plur,_,_,_,@iab1940m-words#@iab1940m#160.5#160.875
440,это,этот,PRON,_,Animacy=Inan|Case=Nom|Gender=Neut|Number=Sing,_,_,_,@iab1940m-words#@iab1940m#160.875#161.25
441,э,э,INTJ,_,_,_,_,_,@iab1940m-words#@iab1940m#161.25#161.625
442,это,это,PRON,_,Animacy=Inan|Case=Nom|Gender=Neut|Number=Sing,_,_,_,@iab1940m-words#@iab1940m#161.625#162.0
443,по-моему,по-моему,ADV,_,Degree=Pos,_,_,_,@iab1940m-words#@iab1940m#162.0#162.375
444,э,э,INTJ,_,_,_,_,_,@iab1940m-words#@iab1940m#162.375#162.75
445,это,этот,PRON,_,Animacy=Inan|Case=Nom|Gender=Neut|Number=Sing,_,_,_,@iab1940m-words#@iab1940m#162.75#163.125
446,самое,самый,ADJ,_,Case=Nom|Degree=Pos|Gender=Neut|Number=Sing,_,_,_,@iab1940m-words#@iab1940m#163.125#163.5
447,строфы,строфа,NOUN,_,Animacy=Inan|Case=Nom|Gender=Fem|Number=Plur,_,_,_,@iab1940m-words#@iab1940m#163.5#163.875
448,да,да,CCONJ,_,_,_,_,_,@iab1940m-words#@iab1940m#163.875#164.25
449,которые,который,PRON,_,Case=Acc,_,_,_,@iab1940m-words#@iab1940m#164.25#164.625
450,кончаются,кончаться,VERB,_,Aspect=Imp|Mood=Ind|Number=Plur|Person=3|Tense=Pres|VerbForm=Fin|Voice=Mid,_,_,_,@iab1940m-words#@iab1940m#164.625#165.0
451,что-то,что-то,PRON,_,Case=Acc,_,_,_,@iab1940m-words#@iab1940m#165.0#165.375
452,и,и,CCONJ,_,_,_,_,_,@iab1940m-words#@iab1940m#165.375#165.75
453,не,не,PART,_,_,_,_,_,@iab1940m-words#@iab1940m#165.75#166.125
454,ограблен,грабить,VERB,_,Aspect=Perf|Gender=Masc|Number=Sing|Tense=Past|Variant=Short|VerbForm=Part|Voice=Pass,_,_,_,@iab1940m-words#@iab1940m#166.125#166.5
455,и,и,CCONJ,_,_,_,_,_,@iab1940m-words#@iab1940m#166.5#166.875
456,вот,вот,PART,_,_,_,_,_,@iab1940m-words#@iab1940m#166.875#167.25
457,эта,этот,DET,_,Case=Nom|Gender=Fem|Number=Sing,_,_,_,@iab1940m-words#@iab1940m#167.25#167.625
458,формула,формула,NOUN,_,Animacy=Inan|Case=Nom|Gender=Fem|Number=Sing,_,_,_,@iab1940m-words#@iab1940m#167.625#168.0
459,времени,время,NOUN,_,Animacy=Inan|Case=Gen|Gender=Neut|Number=Sing,_,_,_,@iab1940m-words#@iab1940m#168.0#168.375
460,и,и,CCONJ,_,_,_,_,_,@iab1940m-words#@iab1940m#168.375#168.75
461,формула,формула,NOUN,_,Animacy=Inan|Case=Nom|Gender=Masc|Number=Sing,_,_,_,@iab1940m-words#@iab1940m#168.75#169.125
462,века,век,NOUN,_,Animacy=Inan|Case=Gen|Gender=Masc|Number=Sing,_,_,_,@iab1940m-words#@iab1940m#169.125#169.5
463,и,и,CCONJ,_,_,_,_,_,@iab1940m-words#@iab1940m#169.5#169.875
464,формула,формула,NOUN,_,Animacy=Inan|Case=Nom|Gender=Masc|Number=Sing,_,_,_,@iab1940m-words#@iab1940m#169.875#170.25
465,состояния,состояние,NOUN,_,Animacy=Inan|Case=Gen|Gender=Neut|Number=Sing,_,_,_,@iab1940m-words#@iab1940m#170.25#170.625
466,э,э,INTJ,_,_,_,_,_,@iab1940m-words#@iab1940m#170.625#171.0
467,души,душа,NOUN,_,Animacy=Inan|Case=Gen|Gender=Fem|Number=Sing,_,_,_,@iab1940m-words#@iab1940m#171.0#171.375
468,человеческой,человеческий,ADJ,_,Case=Gen|Degree=Pos|Gender=Fem|Number=Sing,_,_,_,@iab1940m-words#@iab1940m#171.375#171.75
469,в,в,ADP,_,_,_,_,_,@iab1940m-words#@iab1940m#171.75#172.125
470,это,этот,DET,_,Case=Acc|Gender=Neut|Number=Sing,_,_,_,@iab1940m-words#@iab1940m#172.125#172.5
471,время,время,NOUN,_,Animacy=Inan|Case=Acc|Gender=Neut|Number=Sing,_,_,_,@iab1940m-words#@iab1940m#172.5#172.875
472,в,в,ADP,_,_,_,_,_,@iab1940m-words#@iab1940m#172.875#173.25
473,двадцатом,двадцатый,ADJ,_,Case=Loc|Degree=Pos|Gender=Masc|Number=Sing,_,_,_,@iab1940m-words#@iab1940m#173.25#173.625
474,веке,век,NOUN,_,Animacy=Inan|Case=Loc|Gender=Masc|Number=Sing,_,_,_,@iab1940m-words#@iab1940m#173.625#174.0
475,э,э,INTJ,_,_,_,_,_,@iab1940m-words#@iab1940m#174.0#174.616
476,и,и,CCONJ,_,_,_,_,_,@iab1940m-words#@iab1940m#174.616#175.232
477,не,не,PART,_,_,_,_,_,@iab1940m-words#@iab1940m#175.232#175.848
478,ограблен,грабить,VERB,_,Aspect=Perf|Gender=Masc|Number=Sing|Tense=Past|Variant=Short|VerbForm=Part|Voice=Pass,_,_,_,@iab1940m-words#@iab1940m#175.848#176.464
479,я,я,PRON,_,Case=Nom|Number=Sing|Person=1,_,_,_,@iab1940m-words#@iab1940m#176.464#177.08
480,и,и,CCONJ,_,_,_,_,_,@iab1940m-words#@iab1940m#177.08#177.696
481,не,не,PART,_,_,_,_,_,@iab1940m-words#@iab1940m#177.696#178.312
482,надломлен,надломить,VERB,_,Aspect=Perf|Gender=Masc|Number=Sing|Tense=Past|Variant=Short|VerbForm=Part|Voice=Pass,_,_,_,@iab1940m-words#@iab1940m#178.312#178.928
483,но,но,CCONJ,_,_,_,_,_,@iab1940m-words#@iab1940m#178.928#179.544
484,только,только,PART,_,_,_,_,_,@iab1940m-words#@iab1940m#179.544#180.16
485,что,что,SCONJ,_,_,_,_,_,@iab1940m-words#@iab1940m#180.16#180.776
486,всего,все,PRON,_,Animacy=Inan|Case=Gen|Gender=Neut|Number=Sing,_,_,_,@iab1940m-words#@iab1940m#180.776#181.392
487,переогромлен,переогромить,VERB,_,Aspect=Perf|Gender=Masc|Number=Sing|Tense=Past|Variant=Short|VerbForm=Part|Voice=Pass,_,_,_,@iab1940m-words#@iab1940m#181.392#182.008
488,как,как,SCONJ,_,_,_,_,_,@iab1940m-words#@iab1940m#182.008#182.624
489,слово,слово,NOUN,_,Animacy=Inan|Case=Nom|Gender=Neut|Number=Sing,_,_,_,@iab1940m-words#@iab1940m#182.624#183.24
490,о,о,ADP,_,_,_,_,_,@iab1940m-words#@iab1940m#183.24#183.856
491,полку,полк,NOUN,_,Animacy=Inan|Case=Acc|Gender=Fem|Number=Sing,_,_,_,@iab1940m-words#@iab1940m#183.856#184.472
492,струя,струя,VERB,_,Aspect=Imp|Tense=Pres|VerbForm=Conv|Voice=Act,_,_,_,@iab1940m-words#@iab1940m#184.472#185.088
493,моя,мой,DET,_,Case=Nom|Gender=Fem|Number=Sing,_,_,_,@iab1940m-words#@iab1940m#185.088#185.704
494,туга,туг,NOUN,_,Animacy=Inan|Case=Gen|Gender=Masc|Number=Sing,_,_,_,@iab1940m-words#@iab1940m#185.704#186.32
495,и,и,CCONJ,_,_,_,_,_,@iab1940m-words#@iab1940m#186.32#186.936
496,в,в,ADP,_,_,_,_,_,@iab1940m-words#@iab1940m#186.936#187.552
497,голосе,голос,NOUN,_,Animacy=Inan|Case=Loc|Gender=Masc|Number=Sing,_,_,_,@iab1940m-words#@iab1940m#187.552#188.168
498,моем,мой,DET,_,Case=Loc|Gender=Masc|Number=Sing,_,_,_,@iab1940m-words#@iab1940m#188.168#188.784
499,послеудушье,послеудушье,NOUN,_,Animacy=Inan|Case=Acc|Gender=Neut|Number=Sing,_,_,_,@iab1940m-words#@iab1940m#188.784#189.4
500,после,после,ADP,_,_,_,_,_,@iab1940m-words#@iab1940m#189.4#190.016
501,удушья,удушье,NOUN,_,Animacy=Inan|Case=Gen|Gender=Neut|Number=Sing,_,_,_,@iab1940m-words#@iab1940m#190.016#190.632
502,звучит,звучать,VERB,_,Aspect=Imp|Mood=Ind|Number=Sing|Person=3|Tense=Pres|VerbForm=Fin|Voice=Act,_,_,_,@iab1940m-words#@iab1940m#190.632#191.248
503,земля,земля,NOUN,_,Animacy=Inan|Case=Nom|Gender=Fem|Number=Sing,_,_,_,@iab1940m-words#@iab1940m#191.248#191.864
504,последнее,последний,ADJ,_,Case=Nom|Degree=Pos|Gender=Neut|Number=Sing,_,_,_,@iab1940m-words#@iab1940m#191.864#192.48
505,оружье,оружие,NOUN,_,Animacy=Inan|Case=Nom|Gender=Neut|Number=Sing,_,_,_,@iab1940m-words#@iab1940m#192.48#193.096
506,сухая,сухой,ADJ,_,Case=Nom|Degree=Pos|Gender=Fem|Number=Sing,_,_,_,@iab1940m-words#@iab1940m#193.096#193.712
507,нежность,нежность,NOUN,_,Animacy=Inan|Case=Nom|Gender=Fem|Number=Sing,_,_,_,@iab1940m-words#@iab1940m#193.712#194.328
508,черноземных,черноземный,ADJ,_,Case=Gen|Degree=Pos|Number=Plur,_,_,_,@iab1940m-words#@iab1940m#194.328#194.944
509,га,гектар,NOUN,_,Animacy=Inan|Case=Gen|Gender=Masc|Number=Plur,_,_,_,@iab1940m-words#@iab1940m#194.944#195.57
510,вот,вот,PART,_,_,_,_,_,@iab1940m-words#@iab1940m#195.57#195.956
511,это,этот,PRON,_,Animacy=Inan|Case=Nom|Gender=Neut|Number=Sing,_,_,_,@iab1940m-words#@iab1940m#195.956#196.342
512,га,га,NOUN,_,Animacy=Inan|Case=Nom|Gender=Masc|Number=Plur,_,_,_,@iab1940m-words#@iab1940m#196.342#196.73
513,Мандельштам,Мандельштам,PROPN,_,Animacy=Anim|Case=Nom|Gender=Masc|Number=Sing,_,_,_,@iab1940m-words#@iab1940m#196.73#197.001
514,мог,мочь,VERB,_,Aspect=Imp|Gender=Masc|Mood=Ind|Number=Sing|Tense=Past|VerbForm=Fin|Voice=Act,_,_,_,@iab1940m-words#@iab1940m#197.001#197.272
515,сделать,делать,VERB,_,Aspect=Perf|VerbForm=Inf|Voice=Act,_,_,_,@iab1940m-words#@iab1940m#197.272#197.543
516,вот,вот,PART,_,_,_,_,_,@iab1940m-words#@iab1940m#197.543#197.814
517,этот,этот,DET,_,Case=Acc|Gender=Masc|Number=Sing,_,_,_,@iab1940m-words#@iab1940m#197.814#198.085
518,самый,самый,ADJ,_,Animacy=Inan|Case=Acc|Degree=Pos|Gender=Masc|Number=Sing,_,_,_,@iab1940m-words#@iab1940m#198.085#198.356
519,ход,ход,NOUN,_,Animacy=Inan|Case=Acc|Gender=Masc|Number=Sing,_,_,_,@iab1940m-words#@iab1940m#198.356#198.627
520,знаете,знать,VERB,_,Aspect=Imp|Mood=Ind|Number=Plur|Person=2|Tense=Pres|VerbForm=Fin|Voice=Act,_,_,_,@iab1940m-words#@iab1940m#198.627#198.898
521,вот,вот,PART,_,_,_,_,_,@iab1940m-words#@iab1940m#198.898#199.169
522,так,так,ADV,_,Degree=Pos,_,_,_,@iab1940m-words#@iab1940m#199.169#199.44
523,вот,вот,PART,_,_,_,_,_,@iab1940m-words#@iab1940m#199.44#199.711
524,да,да,PART,_,_,_,_,_,@iab1940m-words#@iab1940m#199.711#199.982
525,вот,вот,PART,_,_,_,_,_,@iab1940m-words#@iab1940m#199.982#200.26
526,то,то,PRON,_,Animacy=Inan|Case=Nom|Gender=Neut|Number=Sing,_,_,_,@iab1940m-words#@iab1940m#200.26#200.615
527,есть,быть,VERB,_,Aspect=Imp|Mood=Ind|Number=Sing|Person=3|Tense=Pres|VerbForm=Fin|Voice=Act,_,_,_,@iab1940m-words#@iab1940m#200.615#200.97
528,э,э,INTJ,_,_,_,_,_,@iab1940m-words#@iab1940m#200.97#201.325
529,эм,эм,INTJ,_,_,_,_,_,@iab1940m-words#@iab1940m#201.325#201.68
530,вот,вот,PART,_,_,_,_,_,@iab1940m-words#@iab1940m#201.68#202.035
531,э,э,INTJ,_,_,_,_,_,@iab1940m-words#@iab1940m#202.035#202.39
532,э,э,INTJ,_,_,_,_,_,@iab1940m-words#@iab1940m#202.39#202.745
533,это,это,PRON,_,Animacy=Inan|Case=Nom|Gender=Neut|Number=Sing,_,_,_,@iab1940m-words#@iab1940m#202.745#203.1
534,то,то,DET,_,Case=Nom|Gender=Neut|Number=Sing,_,_,_,@iab1940m-words#@iab1940m#203.1#203.455
535,чего,что,PRON,_,Case=Gen,_,_,_,@iab1940m-words#@iab1940m#203.455#203.81
536,Цветаева,Цветаева,PROPN,_,Animacy=Anim|Case=Nom|Gender=Fem|Number=Sing,_,_,_,@iab1940m-words#@iab1940m#203.81#204.165
537,не,не,PART,_,_,_,_,_,@iab1940m-words#@iab1940m#204.165#204.52
538,делала,делать,VERB,_,Aspect=Imp|Gender=Fem|Mood=Ind|Number=Sing|Tense=Past|VerbForm=Fin|Voice=Act,_,_,_,@iab1940m-words#@iab1940m#204.52#204.875
539,потому,потому,ADV,_,Degree=Pos,_,_,_,@iab1940m-words#@iab1940m#204.875#205.23
540,что,что,SCONJ,_,_,_,_,_,@iab1940m-words#@iab1940m#205.23#205.585
541,Цветаева,Цветаева,PROPN,_,Animacy=Anim|Case=Nom|Gender=Fem|Number=Sing,_,_,_,@iab1940m-words#@iab1940m#205.585#205.94
542,двигалась,двигаться,VERB,_,Aspect=Imp|Gender=Fem|Mood=Ind|Number=Sing|Tense=Past|VerbForm=Fin|Voice=Mid,_,_,_,@iab1940m-words#@iab1940m#205.94#206.295
543,с,с,ADP,_,_,_,_,_,@iab1940m-words#@iab1940m#206.295#206.65
544,колоссальной,колоссальный,ADJ,_,Case=Ins|Degree=Pos|Gender=Fem|Number=Sing,_,_,_,@iab1940m-words#@iab1940m#206.65#207.005
545,скоростью,скорость,NOUN,_,Animacy=Inan|Case=Ins|Gender=Fem|Number=Sing,_,_,_,@iab1940m-words#@iab1940m#207.005#207.36
546,э,э,INTJ,_,_,_,_,_,@iab1940m-words#@iab1940m#207.36#207.715
547,Мандельштам,Мандельштам,PROPN,_,Animacy=Anim|Case=Nom|Gender=Masc|Number=Sing,_,_,_,@iab1940m-words#@iab1940m#207.715#208.07
548,то,то,PRON,_,Animacy=Inan|Case=Nom|Gender=Neut|Number=Sing,_,_,_,@iab1940m-words#@iab1940m#208.07#208.425
549,есть,быть,VERB,_,Aspect=Imp|Mood=Ind|Number=Sing|Person=3|Tense=Pres|VerbForm=Fin|Voice=Act,_,_,_,@iab1940m-words#@iab1940m#208.425#208.78
550,мог,мочь,VERB,_,Aspect=Imp|Gender=Masc|Mood=Ind|Number=Sing|Tense=Past|VerbForm=Fin|Voice=Act,_,_,_,@iab1940m-words#@iab1940m#208.78#209.135
551,приблизить,приблизить,VERB,_,Aspect=Perf|VerbForm=Inf|Voice=Act,_,_,_,@iab1940m-words#@iab1940m#209.135#209.49
552,лицо,лицо,NOUN,_,Animacy=Inan|Case=Acc|Gender=Neut|Number=Sing,_,_,_,@iab1940m-words#@iab1940m#209.49#209.845
553,действительно,действительно,ADV,_,Degree=Pos,_,_,_,@iab1940m-words#@iab1940m#209.845#210.2
554,к,к,ADP,_,_,_,_,_,@iab1940m-words#@iab1940m#210.2#210.555
555,земле,земля,NOUN,_,Animacy=Inan|Case=Dat|Gender=Fem|Number=Sing,_,_,_,@iab1940m-words#@iab1940m#210.555#210.91
556,да,да,PART,_,_,_,_,_,@iab1940m-words#@iab1940m#210.91#211.265
557,вот,вот,PART,_,_,_,_,_,@iab1940m-words#@iab1940m#211.265#211.62
558,так,так,ADV,_,Degree=Pos,_,_,_,@iab1940m-words#@iab1940m#211.62#211.975
559,вот,вот,PART,_,_,_,_,_,@iab1940m-words#@iab1940m#211.975#212.33
560,вплотную,вплотную,ADV,_,Degree=Pos,_,_,_,@iab1940m-words#@iab1940m#212.33#212.7
561,а,а,INTJ,_,_,_,_,_,@iab1940m-words#@iab1940m#214.5#214.9
562,нет,нет,PART,_,_,_,_,_,@iab1940m-words#@iab1940m#216.43#216.845
563,нет,нет,PART,_,_,_,_,_,@iab1940m-words#@iab1940m#216.845#217.26
564,нет,нет,PART,_,_,_,_,_,@iab1940m-words#@iab1940m#217.26#217.675
565,нет,нет,PART,_,_,_,_,_,@iab1940m-words#@iab1940m#217.675#218.09
566,нет,нет,PART,_,_,_,_,_,@iab1940m-words#@iab1940m#218.09#218.505
567,это,это,PRON,_,Animacy=Inan|Case=Nom|Gender=Neut|Number=Sing,_,_,_,@iab1940m-words#@iab1940m#218.505#218.92
568,все-таки,все-таки,PART,_,_,_,_,_,@iab1940m-words#@iab1940m#218.92#219.335
569,это,это,PRON,_,Animacy=Inan|Case=Nom|Gender=Neut|Number=Sing,_,_,_,@iab1940m-words#@iab1940m#219.335#219.75
570,все-таки,все-таки,PART,_,_,_,_,_,@iab1940m-words#@iab1940m#219.75#220.165
571,поэзия,поэзия,NOUN,_,Animacy=Inan|Case=Nom|Gender=Fem|Number=Sing,_,_,_,@iab1940m-words#@iab1940m#220.165#220.58
572,да,да,PART,_,_,_,_,_,@iab1940m-words#@iab1940m#220.58#221.0
573,э,э,INTJ,_,_,_,_,_,@iab1940m-words#@iab1940m#221.0#221.437
574,то,то,PRON,_,Animacy=Inan|Case=Nom|Gender=Neut|Number=Sing,_,_,_,@iab1940m-words#@iab1940m#221.437#221.874
575,есть,быть,VERB,_,Aspect=Imp|Mood=Ind|Number=Sing|Person=3|Tense=Pres|VerbForm=Fin|Voice=Act,_,_,_,@iab1940m-words#@iab1940m#221.874#222.311
576,вот,вот,PART,_,_,_,_,_,@iab1940m-words#@iab1940m#222.311#222.748
577,э,э,INTJ,_,_,_,_,_,@iab1940m-words#@iab1940m#222.748#223.185
578,Мандель...,Мандель,X,_,_,_,_,_,@iab1940m-words#@iab1940m#223.185#223.622
579,Мандельштам,Мандельштам,PROPN,_,Animacy=Anim|Case=Nom|Gender=Masc|Number=Sing,_,_,_,@iab1940m-words#@iab1940m#223.622#224.059
580,все-таки,все-таки,PART,_,_,_,_,_,@iab1940m-words#@iab1940m#224.059#224.496
581,особенно,особенно,ADV,_,Degree=Pos,_,_,_,@iab1940m-words#@iab1940m#224.496#224.933
582,после,после,ADP,_,_,_,_,_,@iab1940m-words#@iab1940m#224.933#225.37
583,тридцатого,тридцатый,ADJ,_,Case=Gen|Gender=Masc|Number=Sing,_,_,_,@iab1940m-words#@iab1940m#225.37#225.807
584,года,год,NOUN,_,Animacy=Inan|Case=Gen|Gender=Masc|Number=Sing,_,_,_,@iab1940m-words#@iab1940m#225.807#226.244
585,это,это,PRON,_,Animacy=Inan|Case=Nom|Gender=Neut|Number=Sing,_,_,_,@iab1940m-words#@iab1940m#226.244#226.681
586,стихи,стих,ADJ,_,Degree=Pos|Number=Plur|Variant=Short,_,_,_,@iab1940m-words#@iab1940m#226.681#227.118
587,это,это,PRON,_,Animacy=Inan|Case=Nom|Gender=Neut|Number=Sing,_,_,_,@iab1940m-words#@iab1940m#227.118#227.555
588,поразительная,поразительный,ADJ,_,Case=Nom|Degree=Pos|Gender=Fem|Number=Sing,_,_,_,@iab1940m-words#@iab1940m#227.555#227.992
589,эволюция,эволюция,NOUN,_,Animacy=Inan|Case=Nom|Gender=Fem|Number=Sing,_,_,_,@iab1940m-words#@iab1940m#227.992#228.429
590,между,между,ADP,_,_,_,_,_,@iab1940m-words#@iab1940m#228.429#228.866
591,прочим,прочий,PRON,_,Animacy=Inan|Case=Ins|Gender=Neut|Number=Sing,_,_,_,@iab1940m-words#@iab1940m#228.866#229.303
592,поэта,поэт,VERB,_,Aspect=Perf|Gender=Fem|Number=Sing|Tense=Past|Variant=Short|VerbForm=Part|Voice=Pass,_,_,_,@iab1940m-words#@iab1940m#229.303#229.74
593,потому,потому,ADV,_,Degree=Pos,_,_,_,@iab1940m-words#@iab1940m#229.74#230.177
594,что,что,SCONJ,_,_,_,_,_,@iab1940m-words#@iab1940m#230.177#230.614
595,начинает,начинать,VERB,_,Aspect=Imp|Mood=Ind|Number=Sing|Person=3|Tense=Pres|VerbForm=Fin|Voice=Act,_,_,_,@iab1940m-words#@iab1940m#230.614#231.051
596,в,в,ADP,_,_,_,_,_,@iab1940m-words#@iab1940m#231.051#231.488
597,общем,общий,ADJ,_,Case=Loc|Degree=Pos|Gender=Neut|Number=Sing,_,_,_,@iab1940m-words#@iab1940m#231.488#231.925
598,он,он,PRON,_,Case=Nom|Gender=Masc|Number=Sing|Person=3,_,_,_,@iab1940m-words#@iab1940m#231.925#232.362
599,до,до,SCONJ,_,_,_,_,_,@iab1940m-words#@iab1940m#232.362#232.799
600,известной,известный,ADJ,_,Case=Gen|Degree=Pos|Gender=Fem|Number=Sing,_,_,_,@iab1940m-words#@iab1940m#232.799#233.236
601,степени,степень,NOUN,_,Animacy=Inan|Case=Gen|Gender=Fem|Number=Sing,_,_,_,@iab1940m-words#@iab1940m#233.236#233.673
602,как,как,SCONJ,_,_,_,_,_,@iab1940m-words#@iab1940m#233.673#234.11
603,классицист,классицист,NOUN,_,Animacy=Anim|Case=Nom|Gender=Masc|Number=Sing,_,_,_,@iab1940m-words#@iab1940m#234.11#234.547
604,да,да,PART,_,_,_,_,_,@iab1940m-words#@iab1940m#234.547#235.0
605,то,то,PRON,_,Animacy=Inan|Case=Nom|Gender=Neut|Number=Sing,_,_,_,@iab1940m-words#@iab1940m#235.0#235.476
606,есть,быть,VERB,_,Aspect=Imp|Mood=Ind|Number=Sing|Person=3|Tense=Pres|VerbForm=Fin|Voice=Act,_,_,_,@iab1940m-words#@iab1940m#235.476#235.952
607,вся,весь,DET,_,Case=Nom|Gender=Fem|Number=Sing,_,_,_,@iab1940m-words#@iab1940m#235.952#236.428
608,эта,этот,DET,_,Case=Nom|Gender=Fem|Number=Sing,_,_,_,@iab1940m-words#@iab1940m#236.428#236.904
609,четкость,четкость,NOUN,_,Animacy=Inan|Case=Nom|Gender=Fem|Number=Sing,_,_,_,@iab1940m-words#@iab1940m#236.904#237.38
610,размеров,размер,NOUN,_,Animacy=Inan|Case=Gen|Gender=Masc|Number=Plur,_,_,_,@iab1940m-words#@iab1940m#237.38#237.856
611,там,там,ADV,_,Degree=Pos,_,_,_,@iab1940m-words#@iab1940m#237.856#238.332
612,это,это,PRON,_,Animacy=Inan|Case=Nom|Gender=Neut|Number=Sing,_,_,_,@iab1940m-words#@iab1940m#238.332#238.808
613,самое,самый,ADJ,_,Case=Nom|Degree=Pos|Gender=Neut|Number=Sing,_,_,_,@iab1940m-words#@iab1940m#238.808#239.284
614,лети,лететь,VERB,_,_,_,_,_,@iab1940m-words#@iab1940m#239.284#239.76
615,в,в,ADP,_,_,_,_,_,@iab1940m-words#@iab1940m#239.76#240.236
616,туман,туман,NOUN,_,Animacy=Inan|Case=Acc|Gender=Masc|Number=Sing,_,_,_,@iab1940m-words#@iab1940m#240.236#240.712
617,моторов,мотор,NOUN,_,Animacy=Inan|Case=Gen|Gender=Masc|Number=Plur,_,_,_,@iab1940m-words#@iab1940m#240.712#241.188
618,вереница,вереница,NOUN,_,Animacy=Inan|Case=Nom|Gender=Fem|Number=Sing,_,_,_,@iab1940m-words#@iab1940m#241.188#241.664
619,самолюбивый,самолюбивый,ADJ,_,Case=Nom|Degree=Pos|Gender=Masc|Number=Sing,_,_,_,@iab1940m-words#@iab1940m#241.664#242.14
620,скромный,скромный,ADJ,_,Case=Nom|Degree=Pos|Gender=Masc|Number=Sing,_,_,_,@iab1940m-words#@iab1940m#242.14#242.616
621,пешеход,пешеход,NOUN,_,Animacy=Inan|Case=Nom|Gender=Masc|Number=Sing,_,_,_,@iab1940m-words#@iab1940m#242.616#243.092
622,чудак,чудак,NOUN,_,Animacy=Inan|Case=Gen|Gender=Fem|Number=Plur,_,_,_,@iab1940m-words#@iab1940m#243.092#243.568
623,Евгений,Евгений,PROPN,_,Animacy=Anim|Case=Nom|Gender=Masc|Number=Sing,_,_,_,@iab1940m-words#@iab1940m#243.568#244.044
624,бедности,бедность,NOUN,_,Animacy=Inan|Case=Gen|Gender=Fem|Number=Sing,_,_,_,@iab1940m-words#@iab1940m#244.044#244.52
625,стыдится,стыдиться,VERB,_,Aspect=Imp|Mood=Ind|Number=Sing|Person=3|Tense=Pres|VerbForm=Fin|Voice=Mid,_,_,_,@iab1940m-words#@iab1940m#244.52#244.996
626,бензин,бензин,NOUN,_,Animacy=Inan|Case=Nom|Gender=Masc|Number=Sing,_,_,_,@iab1940m-words#@iab1940m#244.996#245.472
627,вдыхает,вдыхать,VERB,_,Aspect=Imp|Mood=Ind|Number=Sing|Person=3|Tense=Pres|VerbForm=Fin|Voice=Act,_,_,_,@iab1940m-words#@iab1940m#245.472#245.948
628,и,и,CCONJ,_,_,_,_,_,@iab1940m-words#@iab1940m#245.948#246.424
629,судьбу,судьба,NOUN,_,Animacy=Inan|Case=Acc|Gender=Fem|Number=Sing,_,_,_,@iab1940m-words#@iab1940m#246.424#246.9
630,клянет,клянуть,VERB,_,Aspect=Imp|Mood=Ind|Number=Sing|Person=3|Tense=Pres|VerbForm=Fin|Voice=Act,_,_,_,@iab1940m-words#@iab1940m#246.9#247.376
631,это,этот,DET,_,Case=Nom|Gender=Neut|Number=Sing,_,_,_,@iab1940m-words#@iab1940m#247.376#247.852
632,пушкинское,пушкинский,ADJ,_,Case=Nom|Degree=Pos|Gender=Neut|Number=Sing,_,_,_,@iab1940m-words#@iab1940m#247.852#248.328
633,эхо,эхо,NOUN,_,Animacy=Inan|Case=Nom|Gender=Neut|Number=Sing,_,_,_,@iab1940m-words#@iab1940m#248.328#248.804
634,чистое,чистый,ADJ,_,Case=Nom|Degree=Pos|Gender=Neut|Number=Sing,_,_,_,@iab1940m-words#@iab1940m#248.804#249.29
635,это,этот,PRON,_,Animacy=Inan|Case=Nom|Gender=Neut|Number=Sing,_,_,_,@iab1940m-words#@iab1940m#249.29#249.85
636,перифраз,перифраз,NOUN,_,Animacy=Inan|Case=Nom|Gender=Masc|Number=Sing,_,_,_,@iab1940m-words#@iab1940m#249.85#250.41
637,цитаты,цитата,NOUN,_,Animacy=Inan|Case=Nom|Gender=Fem|Number=Plur,_,_,_,@iab1940m-words#@iab1940m#250.41#250.97
638,из,из,ADP,_,_,_,_,_,@iab1940m-words#@iab1940m#250.97#251.53
639,да,да,PART,_,_,_,_,_,@iab1940m-words#@iab1940m#251.53#252.09
640,и,и,CCONJ,_,_,_,_,_,@iab1940m-words#@iab1940m#252.09#252.444
641,в,в,ADP,_,_,_,_,_,@iab1940m-words#@iab1940m#252.444#252.798
642,э,э,INTJ,_,_,_,_,_,@iab1940m-words#@iab1940m#252.798#253.152
643,стихотворениях,стихотворение,NOUN,_,Animacy=Inan|Case=Loc|Gender=Neut|Number=Plur,_,_,_,@iab1940m-words#@iab1940m#253.152#253.506
644,тридцатых,тридцатый,ADJ,_,Case=Gen|Degree=Pos|Number=Plur,_,_,_,@iab1940m-words#@iab1940m#253.506#253.86
645,годов,год,NOUN,_,Animacy=Inan|Case=Gen|Gender=Masc|Number=Plur,_,_,_,@iab1940m-words#@iab1940m#253.86#254.214
646,э,э,INTJ,_,_,_,_,_,@iab1940m-words#@iab1940m#254.214#254.568
647,все,весь,DET,_,Case=Acc|Gender=Neut|Number=Sing,_,_,_,@iab1940m-words#@iab1940m#254.568#254.922
648,время,время,NOUN,_,Animacy=Inan|Case=Acc|Gender=Neut|Number=Sing,_,_,_,@iab1940m-words#@iab1940m#254.922#255.276
649,все,все,PART,_,_,_,_,_,@iab1940m-words#@iab1940m#255.276#255.63
650,ближе,близко,ADV,_,Degree=Cmp,_,_,_,@iab1940m-words#@iab1940m#255.63#255.984
651,и,и,CCONJ,_,_,_,_,_,@iab1940m-words#@iab1940m#255.984#256.338
652,ближе,близко,ADV,_,Degree=Cmp,_,_,_,@iab1940m-words#@iab1940m#256.338#256.692
653,подходит,идти,VERB,_,Aspect=Imp|Mood=Ind|Number=Sing|Person=3|Tense=Pres|VerbForm=Fin|Voice=Act,_,_,_,@iab1940m-words#@iab1940m#256.692#257.046
654,именно,именно,ADV,_,_,_,_,_,@iab1940m-words#@iab1940m#257.046#257.4
655,к,к,ADP,_,_,_,_,_,@iab1940m-words#@iab1940m#257.4#257.754
656,этой,этот,DET,_,Case=Dat|Gender=Fem|Number=Sing,_,_,_,@iab1940m-words#@iab1940m#257.754#258.108
657,самой,самый,ADJ,_,Case=Dat|Degree=Pos|Gender=Fem|Number=Sing,_,_,_,@iab1940m-words#@iab1940m#258.108#258.462
658,сырой,сырой,ADJ,_,Case=Dat|Degree=Pos|Gender=Fem|Number=Sing,_,_,_,@iab1940m-words#@iab1940m#258.462#258.816
659,земле,земля,NOUN,_,Animacy=Inan|Case=Dat|Gender=Fem|Number=Sing,_,_,_,@iab1940m-words#@iab1940m#258.816#259.17
660,то,то,SCONJ,_,_,_,_,_,@iab1940m-words#@iab1940m#259.17#259.524
661,есть,быть,VERB,_,Aspect=Imp|Mood=Ind|Number=Sing|Person=3|Tense=Pres|VerbForm=Fin|Voice=Act,_,_,_,@iab1940m-words#@iab1940m#259.524#259.878
662,э,э,INTJ,_,_,_,_,_,@iab1940m-words#@iab1940m#259.878#260.232
663,к,к,ADP,_,_,_,_,_,@iab1940m-words#@iab1940m#260.232#260.586
664,черноте,чернота,NOUN,_,Animacy=Inan|Case=Dat|Gender=Fem|Number=Sing,_,_,_,@iab1940m-words#@iab1940m#260.586#260.94
665,земли,земля,NOUN,_,Animacy=Inan|Case=Gen|Gender=Fem|Number=Sing,_,_,_,@iab1940m-words#@iab1940m#260.94#261.294
666,да,да,PART,_,_,_,_,_,@iab1940m-words#@iab1940m#261.294#261.648
667,то,то,PRON,_,Animacy=Inan|Case=Nom|Gender=Neut|Number=Sing,_,_,_,@iab1940m-words#@iab1940m#261.648#262.002
668,есть,быть,VERB,_,Aspect=Imp|Mood=Ind|Number=Sing|Person=3|Tense=Pres|VerbForm=Fin|Voice=Act,_,_,_,@iab1940m-words#@iab1940m#262.002#262.356
669,э,э,INTJ,_,_,_,_,_,@iab1940m-words#@iab1940m#262.356#262.71
670,то,то,PRON,_,Animacy=Inan|Case=Nom|Gender=Neut|Number=Sing,_,_,_,@iab1940m-words#@iab1940m#262.71#263.064
671,есть,быть,VERB,_,Aspect=Imp|Mood=Ind|Number=Sing|Person=3|Tense=Pres|VerbForm=Fin|Voice=Act,_,_,_,@iab1940m-words#@iab1940m#263.064#263.418
672,в,в,ADP,_,_,_,_,_,@iab1940m-words#@iab1940m#263.418#263.772
673,его,его,DET,_,_,_,_,_,@iab1940m-words#@iab1940m#263.772#264.126
674,стихах,стих,NOUN,_,Animacy=Inan|Case=Loc|Gender=Masc|Number=Plur,_,_,_,@iab1940m-words#@iab1940m#264.126#264.48
675,вы,вы,PRON,_,Case=Nom|Number=Plur|Person=2,_,_,_,@iab1940m-words#@iab1940m#264.48#264.834
676,видите,видеть,VERB,_,Aspect=Imp|Mood=Ind|Number=Plur|Person=2|Tense=Pres|VerbForm=Fin|Voice=Act,_,_,_,@iab1940m-words#@iab1940m#264.834#265.188
677,поры,пора,NOUN,_,Animacy=Inan|Case=Acc|Gender=Fem|Number=Plur,_,_,_,@iab1940m-words#@iab1940m#265.188#265.542
678,почвы,почва,NOUN,_,Animacy=Inan|Case=Gen|Gender=Fem|Number=Sing,_,_,_,@iab1940m-words#@iab1940m#265.542#265.896
679,да,да,PART,_,_,_,_,_,@iab1940m-words#@iab1940m#265.896#266.25
680,э,э,INTJ,_,_,_,_,_,@iab1940m-words#@iab1940m#266.25#266.604
681,э,э,INTJ,_,_,_,_,_,@iab1940m-words#@iab1940m#266.604#266.958
682,ну,ну,PART,_,_,_,_,_,@iab1940m-words#@iab1940m#266.958#267.312
683,и,и,CCONJ,_,_,_,_,_,@iab1940m-words#@iab1940m#267.312#267.666
684,не,не,PART,_,_,_,_,_,@iab1940m-words#@iab1940m#267.666#268.02
685,только,только,PART,_,_,_,_,_,@iab1940m-words#@iab1940m#268.02#268.374
686,почвы,почва,NOUN,_,Animacy=Inan|Case=Gen|Gender=Fem|Number=Sing,_,_,_,@iab1940m-words#@iab1940m#268.374#268.728
687,но,но,CCONJ,_,_,_,_,_,@iab1940m-words#@iab1940m#268.728#269.082
688,и,и,CCONJ,_,_,_,_,_,@iab1940m-words#@iab1940m#269.082#269.436
689,просто,просто,ADV,_,_,_,_,_,@iab1940m-words#@iab1940m#269.436#269.79
690,или,или,CCONJ,_,_,_,_,_,@iab1940m-words#@iab1940m#269.79#270.144
691,скажем,сказать,VERB,_,Aspect=Perf|Mood=Ind|Number=Plur|Person=1|Tense=Fut|VerbForm=Fin|Voice=Act,_,_,_,@iab1940m-words#@iab1940m#270.144#270.498
692,там,там,ADV,_,Degree=Pos,_,_,_,@iab1940m-words#@iab1940m#270.498#270.852
693,элементарный,элементарный,ADJ,_,Animacy=Inan|Case=Acc|Degree=Pos|Gender=Masc|Number=Sing,_,_,_,@iab1940m-words#@iab1940m#270.852#271.206
694,состав,состав,NOUN,_,Animacy=Inan|Case=Acc|Gender=Masc|Number=Sing,_,_,_,@iab1940m-words#@iab1940m#271.206#271.56
695,воздуха,воздух,NOUN,_,Animacy=Inan|Case=Gen|Gender=Masc|Number=Sing,_,_,_,@iab1940m-words#@iab1940m#271.56#271.914
696,этот,этот,DET,_,Case=Nom|Gender=Masc|Number=Sing,_,_,_,@iab1940m-words#@iab1940m#271.914#272.268
697,поэт,поэт,NOUN,_,Animacy=Anim|Case=Nom|Gender=Masc|Number=Sing,_,_,_,@iab1940m-words#@iab1940m#272.268#272.622
698,который,который,PRON,_,Case=Nom,_,_,_,@iab1940m-words#@iab1940m#272.622#272.976
699,пытается,пытаться,VERB,_,Aspect=Imp|Mood=Ind|Number=Sing|Person=3|Tense=Pres|VerbForm=Fin|Voice=Mid,_,_,_,@iab1940m-words#@iab1940m#272.976#273.33
700,проникнуть,проникнуть,VERB,_,Aspect=Perf|VerbForm=Inf|Voice=Act,_,_,_,@iab1940m-words#@iab1940m#273.33#273.684
701,это,это,PRON,_,Animacy=Inan|Case=Acc|Gender=Neut|Number=Sing,_,_,_,@iab1940m-words#@iab1940m#273.684#274.038
702,уже,уже,ADV,_,Degree=Pos,_,_,_,@iab1940m-words#@iab1940m#274.038#274.392
703,знаете,знать,VERB,_,Aspect=Imp|Mood=Ind|Number=Plur|Person=2|Tense=Pres|VerbForm=Fin|Voice=Act,_,_,_,@iab1940m-words#@iab1940m#274.392#274.746
704,как,как,SCONJ,_,_,_,_,_,@iab1940m-words#@iab1940m#274.746#275.1
705,когда,когда,ADV,_,Degree=Pos,_,_,_,@iab1940m-words#@iab1940m#275.1#275.454
706,пройти,пройти,VERB,_,Aspect=Perf|VerbForm=Inf|Voice=Act,_,_,_,@iab1940m-words#@iab1940m#275.454#275.808
707,сквозь,сквозь,ADP,_,_,_,_,_,@iab1940m-words#@iab1940m#275.808#276.162
708,землю,земля,NOUN,_,Animacy=Inan|Case=Acc|Gender=Fem|Number=Sing,_,_,_,@iab1940m-words#@iab1940m#276.162#276.516
709,или,или,CCONJ,_,_,_,_,_,@iab1940m-words#@iab1940m#276.516#276.87
710,пройти,пройти,VERB,_,Aspect=Perf|VerbForm=Inf|Voice=Act,_,_,_,@iab1940m-words#@iab1940m#276.87#277.224
711,сквозь,сквозь,ADP,_,_,_,_,_,@iab1940m-words#@iab1940m#277.224#277.578
712,воздух,воздух,NOUN,_,Animacy=Inan|Case=Acc|Gender=Masc|Number=Sing,_,_,_,@iab1940m-words#@iab1940m#277.578#278.0
713,то,то,PRON,_,Animacy=Inan|Case=Nom|Gender=Neut|Number=Sing,_,_,_,@iab1940m-words#@iab1940m#278.0#278.277
714,есть,быть,VERB,_,Aspect=Imp|Mood=Ind|Number=Sing|Person=3|Tense=Pres|VerbForm=Fin|Voice=Act,_,_,_,@iab1940m-words#@iab1940m#278.277#278.554
715,эти,этот,DET,_,Case=Nom|Number=Plur,_,_,_,@iab1940m-words#@iab1940m#278.554#278.831
716,стихотворения,стихотворение,NOUN,_,Animacy=Inan|Case=Nom|Gender=Neut|Number=Plur,_,_,_,@iab1940m-words#@iab1940m#278.831#279.108
717,эти,этот,DET,_,Case=Nom|Number=Plur,_,_,_,@iab1940m-words#@iab1940m#279.108#279.385
718,стихи,стих,NOUN,_,Animacy=Anim|Case=Gen|Gender=Fem|Number=Sing,_,_,_,@iab1940m-words#@iab1940m#279.385#279.662
719,за...,за,X,_,_,_,_,_,@iab1940m-words#@iab1940m#279.662#279.939
720,замечательные,замечательный,ADJ,_,Case=Nom|Degree=Pos|Number=Plur,_,_,_,@iab1940m-words#@iab1940m#279.939#280.216
721,стихи,стих,NOUN,_,Animacy=Inan|Case=Nom|Gender=Masc|Number=Plur,_,_,_,@iab1940m-words#@iab1940m#280.216#280.493
722,о,о,ADP,_,_,_,_,_,@iab1940m-words#@iab1940m#280.493#280.77
723,неизвестном,неизвестный,ADJ,_,Case=Loc|Degree=Pos|Gender=Masc|Number=Sing,_,_,_,@iab1940m-words#@iab1940m#280.77#281.047
724,солдате,солдат,NOUN,_,Animacy=Inan|Case=Loc|Gender=Masc|Number=Sing,_,_,_,@iab1940m-words#@iab1940m#281.047#281.324
725,когда,когда,SCONJ,_,_,_,_,_,@iab1940m-words#@iab1940m#281.324#281.601
726,он,он,PRON,_,Case=Nom|Gender=Masc|Number=Sing|Person=3,_,_,_,@iab1940m-words#@iab1940m#281.601#281.878
727,говорит,говорить,VERB,_,Aspect=Imp|Mood=Ind|Number=Sing|Person=3|Tense=Pres|VerbForm=Fin|Voice=Act,_,_,_,@iab1940m-words#@iab1940m#281.878#282.155
728,там,там,ADV,_,Degree=Pos,_,_,_,@iab1940m-words#@iab1940m#282.155#282.432
729,о,о,ADP,_,_,_,_,_,@iab1940m-words#@iab1940m#282.432#282.709
730,созвездиях,созвездие,NOUN,_,Animacy=Inan|Case=Loc|Gender=Neut|Number=Plur,_,_,_,@iab1940m-words#@iab1940m#282.709#283.0
731,шевелящимися,шевелиться,VERB,_,Aspect=Imp|Case=Ins|Number=Plur|Tense=Pres|VerbForm=Part|Voice=Mid,_,_,_,@iab1940m-words#@iab1940m#283.0#283.5
732,виноградинами,виноградина,NOUN,_,Animacy=Inan|Case=Ins|Gender=Fem|Number=Plur,_,_,_,@iab1940m-words#@iab1940m#283.5#284.0
733,угрожают,угрожать,VERB,_,Aspect=Imp|Mood=Ind|Number=Plur|Person=3|Tense=Pres|VerbForm=Fin|Voice=Act,_,_,_,@iab1940m-words#@iab1940m#284.0#284.5
734,нам,мы,PRON,_,Case=Dat|Number=Plur|Person=1,_,_,_,@iab1940m-words#@iab1940m#284.5#285.0
735,эти,этот,DET,_,Case=Nom|Number=Plur,_,_,_,@iab1940m-words#@iab1940m#285.0#285.5
736,миры,мир,NOUN,_,Animacy=Inan|Case=Nom|Gender=Masc|Number=Plur,_,_,_,@iab1940m-words#@iab1940m#285.5#286.0
737,да,да,PART,_,_,_,_,_,@iab1940m-words#@iab1940m#286.0#286.5
738,там,там,ADV,_,Degree=Pos,_,_,_,@iab1940m-words#@iab1940m#286.5#287.0
739,и,и,CCONJ,_,_,_,_,_,@iab1940m-words#@iab1940m#287.0#287.5
740,висят,висеть,VERB,_,Aspect=Imp|Mood=Ind|Number=Plur|Person=3|Tense=Pres|VerbForm=Fin|Voice=Act,_,_,_,@iab1940m-words#@iab1940m#287.5#288.0
741,[кхкхм],[кхкх],X,_,_,_,_,_,@iab1940m-words#@iab1940m#288.0#288.5
742,городами,город,NOUN,_,Animacy=Inan|Case=Ins|Gender=Masc|Number=Plur,_,_,_,@iab1940m-words#@iab1940m#288.5#289.0
743,украденными,украсть,VERB,_,Aspect=Perf|Case=Ins|Number=Plur|Tense=Past|VerbForm=Part|Voice=Pass,_,_,_,@iab1940m-words#@iab1940m#289.0#289.5
744,золотыми,золотой,ADJ,_,Case=Ins|Degree=Pos|Number=Plur,_,_,_,@iab1940m-words#@iab1940m#289.5#290.0
745,созвездиями,созвездие,NOUN,_,Animacy=Inan|Case=Ins|Gender=Neut|Number=Plur,_,_,_,@iab1940m-words#@iab1940m#290.0#290.5
746,ягодами,ягода,NOUN,_,Animacy=Inan|Case=Ins|Gender=Fem|Number=Plur,_,_,_,@iab1940m-words#@iab1940m#290.5#291.0
747,да,да,CCONJ,_,_,_,_,_,@iab1940m-words#@iab1940m#291.0#291.5
748,эти,этот,DET,_,Case=Acc|Number=Plur,_,_,_,@iab1940m-words#@iab1940m#291.5#292.0
749,самые,самый,ADJ,_,Animacy=Inan|Case=Acc|Degree=Pos|Number=Plur,_,_,_,@iab1940m-words#@iab1940m#292.0#292.5
750,шатры,шатер,NOUN,_,Animacy=Inan|Case=Acc|Gender=Masc|Number=Plur,_,_,_,@iab1940m-words#@iab1940m#292.5#293.0
751,и,и,CCONJ,_,_,_,_,_,@iab1940m-words#@iab1940m#293.0#293.5
752,так,так,ADV,_,Degree=Pos,_,_,_,@iab1940m-words#@iab1940m#293.5#294.0
753,далее,далее,ADV,_,Degree=Pos,_,_,_,@iab1940m-words#@iab1940m#294.0#294.5
754,и,и,CCONJ,_,_,_,_,_,@iab1940m-words#@iab1940m#294.5#295.0
755,так,так,ADV,_,Degree=Pos,_,_,_,@iab1940m-words#@iab1940m#295.0#295.5
756,далее,далее,ADV,_,Degree=Pos,_,_,_,@iab1940m-words#@iab1940m#295.5#296.0
757,то,то,PRON,_,Animacy=Inan|Case=Nom|Gender=Neut|Number=Sing,_,_,_,@iab1940m-words#@iab1940m#296.0#296.555
758,есть,быть,VERB,_,Aspect=Imp|Mood=Ind|Number=Sing|Person=3|Tense=Pres|VerbForm=Fin|Voice=Act,_,_,_,@iab1940m-words#@iab1940m#296.555#297.11
759,это,это,PRON,_,Animacy=Inan|Case=Nom|Gender=Neut|Number=Sing,_,_,_,@iab1940m-words#@iab1940m#297.11#297.665
760,это,этот,DET,_,Case=Nom|Gender=Neut|Number=Sing,_,_,_,@iab1940m-words#@iab1940m#297.665#298.22
761,взгляд,взгляд,NOUN,_,Animacy=Inan|Case=Nom|Gender=Masc|Number=Sing,_,_,_,@iab1940m-words#@iab1940m#298.22#298.775
762,который,который,PRON,_,Case=Nom,_,_,_,@iab1940m-words#@iab1940m#298.775#299.33
763,пытается,пытаться,VERB,_,Aspect=Imp|Mood=Ind|Number=Sing|Person=3|Tense=Pres|VerbForm=Fin|Voice=Mid,_,_,_,@iab1940m-words#@iab1940m#299.33#299.885
764,проникнуть,проникнуть,VERB,_,Aspect=Perf|VerbForm=Inf|Voice=Act,_,_,_,@iab1940m-words#@iab1940m#299.885#300.44
765,э,э,INTJ,_,_,_,_,_,@iab1940m-words#@iab1940m#300.44#300.995
766,в,в,ADP,_,_,_,_,_,@iab1940m-words#@iab1940m#300.995#301.55
767,су...,су,X,_,_,_,_,_,@iab1940m-words#@iab1940m#301.55#302.105
768,в,в,ADP,_,_,_,_,_,@iab1940m-words#@iab1940m#302.105#302.66
769,суть,суть,NOUN,_,Animacy=Inan|Case=Acc|Gender=Fem|Number=Sing,_,_,_,@iab1940m-words#@iab1940m#302.66#303.215
770,в,в,ADP,_,_,_,_,_,@iab1940m-words#@iab1940m#303.215#303.77
771,молекулярную,молекулярный,ADJ,_,Case=Acc|Degree=Pos|Gender=Fem|Number=Sing,_,_,_,@iab1940m-words#@iab1940m#303.77#304.325
772,буквально,буквально,ADV,_,Degree=Pos,_,_,_,@iab1940m-words#@iab1940m#304.325#304.88
773,когда,когда,SCONJ,_,_,_,_,_,@iab1940m-words#@iab1940m#304.88#305.435
774,он,он,PRON,_,Case=Nom|Gender=Masc|Number=Sing|Person=3,_,_,_,@iab1940m-words#@iab1940m#305.435#305.99
775,пытается,пытаться,VERB,_,Aspect=Imp|Mood=Ind|Number=Sing|Person=3|Tense=Pres|VerbForm=Fin|Voice=Mid,_,_,_,@iab1940m-words#@iab1940m#305.99#306.545
776,описать,описать,VERB,_,Aspect=Perf|VerbForm=Inf|Voice=Act,_,_,_,@iab1940m-words#@iab1940m#306.545#307.1
777,молекулярную,молекулярный,ADJ,_,Case=Acc|Degree=Pos|Gender=Fem|Number=Sing,_,_,_,@iab1940m-words#@iab1940m#307.1#307.655
778,субстанцию,субстанция,NOUN,_,Animacy=Inan|Case=Acc|Gender=Fem|Number=Sing,_,_,_,@iab1940m-words#@iab1940m#307.655#308.21
779,мира,мир,NOUN,_,Animacy=Inan|Case=Gen|Gender=Masc|Number=Sing,_,_,_,@iab1940m-words#@iab1940m#308.21#308.765
780,изнутри,изнутри,ADV,_,Degree=Pos,_,_,_,@iab1940m-words#@iab1940m#308.765#309.32
781,уже,уже,ADV,_,Degree=Pos,_,_,_,@iab1940m-words#@iab1940m#309.32#309.875
782,да,да,PART,_,_,_,_,_,@iab1940m-words#@iab1940m#309.875#310.43
783,то,то,PRON,_,Animacy=Inan|Case=Nom|Gender=Neut|Number=Sing,_,_,_,@iab1940m-words#@iab1940m#310.43#310.985
784,есть,быть,VERB,_,Aspect=Imp|Mood=Ind|Number=Sing|Person=3|Tense=Pres|VerbForm=Fin|Voice=Act,_,_,_,@iab1940m-words#@iab1940m#310.985#311.54
785,это,это,PRON,_,Animacy=Inan|Case=Nom|Gender=Neut|Number=Sing,_,_,_,@iab1940m-words#@iab1940m#311.54#312.095
786,человек,человек,NOUN,_,Animacy=Anim|Case=Acc|Gender=Masc|Number=Sing,_,_,_,@iab1940m-words#@iab1940m#312.095#312.65
787,этого,этот,PRON,_,Animacy=Inan|Case=Gen|Gender=Neut|Number=Sing,_,_,_,@iab1940m-words#@iab1940m#312.65#313.205
788,ни,ни,CCONJ,_,_,_,_,_,@iab1940m-words#@iab1940m#313.205#313.76
789,у,у,ADP,_,_,_,_,_,@iab1940m-words#@iab1940m#313.76#314.315
790,кого,кто,PRON,_,Case=Gen,_,_,_,@iab1940m-words#@iab1940m#314.315#314.87
791,нет,нет,VERB,_,Aspect=Imp|Mood=Ind|Number=Sing|Person=3|Tense=Pres|VerbForm=Fin|Voice=Act,_,_,_,@iab1940m-words#@iab1940m#314.87#315.425
792,разумеется,разумеется,ADV,_,Degree=Pos,_,_,_,@iab1940m-words#@iab1940m#315.425#316.0
793,а,а,CCONJ,_,_,_,_,_,@ufp1960f-words#@upf1960f#212.8#213.0
794,если,если,SCONJ,_,_,_,_,_,@ufp1960f-words#@upf1960f#213.0#213.2
795,бы,бы,AUX,_,_,_,_,_,@ufp1960f-words#@upf1960f#213.2#213.4
796,не,не,PART,_,_,_,_,_,@ufp1960f-words#@upf1960f#213.4#213.6
797,куст,куст,NOUN,_,Animacy=Inan|Case=Acc|Gender=Masc|Number=Sing,_,_,_,@ufp1960f-words#@upf1960f#213.6#213.8
798,рябины,рябина,NOUN,_,Animacy=Inan|Case=Gen|Gender=Fem|Number=Sing,_,_,_,@ufp1960f-words#@upf1960f#213.8#214.0
799,а,а,CCONJ,_,_,_,_,_,@ufp1960f-words#@upf1960f#215.125#215.304
800,если,если,SCONJ,_,_,_,_,_,@ufp1960f-words#@upf1960f#215.304#215.483
801,бы,бы,AUX,_,_,_,_,_,@ufp1960f-words#@upf1960f#215.483#215.662
802,не,не,PART,_,_,_,_,_,@ufp1960f-words#@upf1960f#215.662#215.841
803,куст,куст,NOUN,_,Animacy=Inan|Case=Gen|Gender=Neut|Number=Plur,_,_,_,@ufp1960f-words#@upf1960f#215.841#216.02
804,ря...,ря...,PROPN,_,Animacy=Anim|Case=Gen|Gender=Fem|Number=Sing,_,_,_,@ufp1960f-words#@upf1960f#216.02#216.2
805,конечно,конечно,ADV,_,Degree=Pos,_,_,_,@ufp1960f-words#@upf1960f#248.63#249.2
806,,,,,,,,,
807,,,,,,,,,
808,,,,,,,,,
809,,,,,,,,,
810,,,,,,,,,
811,,,,,,,,,
812,,,,,,,,,
813,,,,,,,,,
814,,,,,,,,,
815,,,,,,,,,
816,,,,,,,,,
817,,,,,,,,,
818,,,,,,,,,
819,,,,,,,,,
820,,,,,,,,,
821,,,,,,,,,
822,,,,,,,,,
823,,,,,,,,,
824,,,,,,,,,
825,,,,,,,,,
826,,,,,,,,,
827,,,,,,,,,
828,,,,,,,,,
829,,,,,,,,,
830,,,,,,,,,
831,,,,,,,,,
832,,,,,,,,,
833,,,,,,,,,
834,,,,,,,,,
835,,,,,,,,,
836,,,,,,,,,
837,,,,,,,,,
838,,,,,,,,,
839,,,,,,,,,
840,,,,,,,,,
841,,,,,,,,,
842,,,,,,,,,
843,,,,,,,,,
844,,,,,,,,,
845,,,,,,,,,
846,,,,,,,,,
847,,,,,,,,,
848,,,,,,,,,
849,,,,,,,,,
850,,,,,,,,,
851,,,,,,,,,
852,,,,,,,,,
853,,,,,,,,,
854,,,,,,,,,
855,,,,,,,,,
856,,,,,,,,,
857,,,,,,,,,
858,,,,,,,,,
859,,,,,,,,,
860,,,,,,,,,
861,,,,,,,,,
862,,,,,,,,,
863,,,,,,,,,
864,,,,,,,,,
865,,,,,,,,,
866,,,,,,,,,
867,,,,,,,,,
868,,,,,,,,,
869,,,,,,,,,
870,,,,,,,,,
871,,,,,,,,,
872,,,,,,,,,
873,,,,,,,,,
874,,,,,,,,,
875,,,,,,,,,
876,,,,,,,,,
877,,,,,,,,,
878,,,,,,,,,
879,,,,,,,,,
880,,,,,,,,,
881,,,,,,,,,
882,,,,,,,,,
883,,,,,,,,,
884,,,,,,,,,
885,,,,,,,,,
886,,,,,,,,,
887,,,,,,,,,
888,,,,,,,,,
889,,,,,,,,,
890,,,,,,,,,
891,,,,,,,,,
892,,,,,,,,,
893,,,,,,,,,
894,,,,,,,,,
895,,,,,,,,,
896,,,,,,,,,
897,,,,,,,,,
898,,,,,,,,,
899,,,,,,,,,
900,,,,,,,,,
901,,,,,,,,,
902,,,,,,,,,
903,,,,,,,,,
904,,,,,,,,,
905,,,,,,,,,
906,,,,,,,,,
907,,,,,,,,,
908,,,,,,,,,
909,,,,,,,,,
910,,,,,,,,,
911,,,,,,,,,
912,,,,,,,,,
913,,,,,,,,,
914,,,,,,,,,
915,,,,,,,,,
916,,,,,,,,,
917,,,,,,,,,
918,,,,,,,,,
919,,,,,,,,,
920,,,,,,,,,
921,,,,,,,,,
922,,,,,,,,,
923,,,,,,,,,
924,,,,,,,,,
925,,,,,,,,,
926,,,,,,,,,
927,,,,,,,,,
928,,,,,,,,,
929,,,,,,,,,
930,,,,,,,,,
931,,,,,,,,,
932,,,,,,,,,
933,,,,,,,,,
934,,,,,,,,,
935,,,,,,,,,
936,,,,,,,,,
937,,,,,,,,,
938,,,,,,,,,
939,,,,,,,,,
940,,,,,,,,,
941,,,,,,,,,
942,,,,,,,,,
943,,,,,,,,,
944,,,,,,,,,
945,,,,,,,,,
946,,,,,,,,,
947,,,,,,,,,
948,,,,,,,,,
949,,,,,,,,,
950,,,,,,,,,
951,,,,,,,,,
952,,,,,,,,,
953,,,,,,,,,
954,,,,,,,,,
955,,,,,,,,,
956,,,,,,,,,
957,,,,,,,,,
958,,,,,,,,,
959,,,,,,,,,
960,,,,,,,,,
961,,,,,,,,,
962,,,,,,,,,
963,,,,,,,,,
964,,,,,,,,,
965,,,,,,,,,
966,,,,,,,,,
967,,,,,,,,,
968,,,,,,,,,
969,,,,,,,,,
970,,,,,,,,,
971,,,,,,,,,
972,,,,,,,,,
973,,,,,,,,,
974,,,,,,,,,
975,,,,,,,,,
976,,,,,,,,,
977,,,,,,,,,
978,,,,,,,,,
979,,,,,,,,,
980,,,,,,,,,
981,,,,,,,,,
982,,,,,,,,,
983,,,,,,,,,
984,,,,,,,,,
985,,,,,,,,,
986,,,,,,,,,
987,,,,,,,,,
988,,,,,,,,,
989,,,,,,,,,
990,,,,,,,,,
991,,,,,,,,,
992,,,,,,,,,
993,,,,,,,,,
994,,,,,,,,,
995,,,,,,,,,
996,,,,,,,,,
997,,,,,,,,,
998,,,,,,,,,
999,,,,,,,,,